"Id","POINT_X","POINT_Y","width_m","date","why","slp_dg_sav","ele_mt_sav","dis_m3_pyr","dis_m3_pmn","dis_m3_pmx","RASTERVALU"
1,-98.46430351,38.79467143,27.4,"6/28/2019"," ",12,536,9.828,2.492,60.646,18790.822265625
3,-92.49790709,38.88500692,24.73,"3/30/2015"," ",21,215,5.894,2.393,13.229,616.379821777344
4,-96.04383731,39.30545653,4.13,"4/13/2019"," ",16,347,1.88,0.866,3.906,184.762191772461
6,-93.4393526,39.71710254,43.12,"9/9/2012"," ",13,232,107.082,35.326,293.743,14424.08984375
7,-94.70338758,39.95480863,46.8,"5/15/2019"," ",16,293,13.738,4.118,37.373,1711.5556640625
8,-95.93461253,40.09997776,42.36,"4/1/2016"," ",18,337,9.788,4.092,24.192,1520.58764648438
9,-96.06594407,40.17528798,26.53,"4/1/2016"," ",17,339,7.543,2.907,21.119,1146.57653808594
11,-98.71158394,40.71693409,113.66,"9/4/2020","braided",1,619,113.058,36.315,304.024,152787.328125
12,-100.1084017,40.89617296,18.38,"4/19/2017"," ",9,835,0.2,0.09,0.425,148260.96875
13,-102.4194507,41.04787644,2.2,"9/4/2020"," ",9,1138,6.566,1.039,26.526,8524.59765625
14,-97.22346991,41.0930993,9.21,"9/2/2020"," ",5,481,4.437,1.85,11.892,990.992065429688
16,-104.1558361,41.87806134,9.98,"7/11/2016"," ",10,1294,4.68,0.525,25.818,3818.21484375
18,-96.35779449,42.2071554,216.09,"5/4/2016"," ",14,342,1088.675,432.129,2441.516,804338.4375
19,-108.4449035,42.43256854,21.84,"6/8/2017"," ",39,2228,8.979,0.293,49.08,1284.15698242188
20,-108.3339467,42.85994248,5.77,"6/24/2017"," ",20,1620,3.408,0.688,13.266,891.484558105469
22,-99.378148,42.93932995,32.95,"4/11/2016"," ",16,637,7.276,3.032,17.735,4002.16479492188
23,-107.9389653,42.98143622,1.68,"6/24/2017"," ",13,1656,1.246,0.206,5.74,329.733337402344
24,-104.2782491,43.20487424,3.93,"6/29/2014"," ",19,1231,1.422,0.225,5.951,842.085693359375
27,-104.5473938,43.50761024,10.21,"6/29/2014"," ",22,1247,8.434,0.904,52.259,7075.47705078125
28,-96.65034266,43.60138005,31.51,"5/3/2021"," ",15,444,16.594,12.483,22.912,11647.69140625
29,-99.64127994,43.7356114,59.51,"10/5/2021"," ",20,522,25.354,8.102,86.515,25647.232421875
31,-103.3470382,43.97926262,5.88,"5/4/2017"," ",53,1183,0.915,0.16,4.175,420.644714355469
32,-107.4540038,44.01992508,14.6,"7/1/2014"," ",47,1463,4.31,0.487,19.183,2094.9921875
33,-101.9374983,43.97566364,1.97,"6/15/2016"," ",19,772,0.98,0.194,4.425,441.491394042969
34,-103.0247758,43.99688644,17.51,"5/4/2017"," ",20,965,2.635,0.388,11.571,1306.39038085938
35,-96.42684017,44.10434778,6.36,"8/14/2015"," ",9,500,1.343,1.003,1.867,214.475662231445
37,-104.6911261,44.5940621,9.11,"4/18/2014"," ",61,1350,13.309,1.561,65.179,6777.73486328125
38,-102.5828522,44.40671155,1.7,"6/15/2016"," ",20,852,0.375,0.07,1.843,153.041519165039
39,-98.65092145,44.65239046,9.53,"6/11/2014"," ",2,424,1.054,0.665,1.754,396.625335693359
41,-104.9233117,44.76121944,6.2,"4/18/2014"," ",37,1217,1.688,0.223,7.36,588.52294921875
42,-98.82063979,44.86618814,14.38,"9/26/2014","planetTest",2,423,0.165,0.099,0.285,399.253234863281
44,-102.3590011,45.43797411,2.06,"9/27/2016"," ",12,809,1.129,0.191,6.901,322.936248779297
45,-105.0851449,45.62569208,4.16,"7/2/2014"," ",22,926,0.588,0.084,2.657,509.456939697266
46,-102.5469901,45.84177901,15.89,"10/18/2014"," ",23,793,5.541,1.096,29.65,2946.49438476562
47,-102.0496131,46.13428142,6.38,"10/18/2014"," ",13,749,1.015,0.092,7.372,404.814025878906
50,-108.0065115,46.66565145,3.81,"3/18/2016"," ",16,940,0.44,0.099,2.134,924.553588867188
51,-104.5847985,47.03576433,12.67,"6/9/2016"," ",37,738,0.775,0.098,4.653,513.201477050781
52,-102.0629309,47.2807932,7.68,"5/2/2016"," ",21,606,3.152,0.57,20.506,1364.85363769531
53,-108.2072362,47.46935822,9.01,"9/5/2014"," ",34,811,0.227,0.034,1.267,770.560546875
55,-107.9801862,48.06241433,7.08,"7/8/2014"," ",13,780,0.273,0.067,1.309,722.186401367188
56,-107.9781505,48.28673599,1.08,"7/8/2014"," ",16,748,0.206,0.049,0.928,462.889312744141
57,-104.7496272,48.76235594,8.36,"8/28/2016"," ",25,688,2.511,1.728,5.101,3510.22729492188
58,-108.1333734,48.71204917,5.74,"7/8/2014"," ",25,861,0.368,0.177,1.173,1882.63195800781
60,-93.30447854,40.80792074,7.71,"10/2/2015"," ",14,322,1.966,0.592,5.485,190.535598754883
61,-93.59703373,40.46415749,24.21,"10/2/2015"," ",20,279,10.176,3.079,30.131,1102.2841796875
62,-95.88944522,41.27869652,221.19,"7/10/2019"," ",19,319,1183.122,472.597,2584.059,822964.3125
63,-91.63856316,38.40349297,2.59,"7/24/2018"," ",39,254,2.269,0.861,5.885,81.6751098632812
64,-92.3291698,38.1652612,13.61,"10/21/2016"," ",26,267,2.067,0.688,4.952,173.341293334961
65,-95.41386035,42.93997465,40.75,"7/25/2016"," ",14,417,22.541,13.906,40.115,4197.0458984375
66,-95.5915637,40.7812293,53.1,"8/15/2015"," ",18,311,29.396,8.664,77.358,4160.27978515625
67,-90.92326207,38.53494668,475.51,"7/24/2018"," ",25,178,2971.308,1651.522,4854.896,1340186.875
68,-91.87149993,38.23103917,107.8,"11/8/2019"," ",37,245,92.352,26.893,207.905,7975.205078125
69,-94.02947339,40.30721499,11.12,"10/11/2019"," ",19,298,2.84,0.882,8.026,372.796478271484
70,-91.58793147,38.90754121,33.98,"7/24/2018"," ",21,229,5.148,2.187,13.406,511.16064453125
72,-92.99646583,38.65293343,41.83,"3/2/2020"," ",20,240,9.974,3.857,20.654,1003.04437255859
73,-95.9732483,43.63483681,16.09,"8/14/2015"," ",8,464,1.951,1.394,2.905,285.016540527344
74,-96.12661012,42.81460174,12.93,"5/11/2017"," ",15,391,2.078,0.806,5.085,389.060729980469
75,-94.75593797,38.31888143,42.96,"3/2/2020"," ",16,258,61.011,31.672,110.044,7054.98486328125
76,-92.30905187,37.67731269,50.97,"10/21/2016"," ",32,322,24.346,6.293,53.339,1782.57641601562
77,-93.42096279,37.74553063,45.06,"11/26/2013"," ",22,319,12.479,3.93,24.064,77.263916015625
78,-93.27764164,38.77076167,21.29,"3/2/2020"," ",12,253,4.732,1.964,9.477,455.23486328125
79,-94.46179114,38.18797264,65.85,"8/22/2017"," ",9,249,77.391,39.63,137.91,8831.0859375
82,-93.32569291,39.80481558,7.13,"9/9/2012"," ",9,225,1.991,0.97,4.678,165.975723266602
83,-94.16331508,38.69695274,11.88,"2/20/2020"," ",8,259,5.974,3.096,11.015,339.226287841797
84,-94.82746371,38.38513568,10.94,"3/2/2020"," ",13,295,1.682,0.828,2.938,186.106887817383
85,-92.80788165,38.88213978,11.73,"3/2/2020"," ",15,228,3.533,1.432,7.825,87.6152725219727
86,-93.95169826,37.74212491,27.53,"11/27/2013"," ",14,279,6.124,2.316,10.304,515.988647460938
87,-93.93358262,39.32029783,10.39,"4/8/2014"," ",19,264,3.742,1.927,7.906,453.341674804688
88,-98.67259637,45.99843102,6.2,"6/3/2017"," ",5,497,0.146,0.098,0.229,235.610641479492
89,-95.55889565,39.99091442,8.09,"4/1/2016"," ",15,310,2.043,0.902,4.561,293.341186523438
90,-97.97455844,42.76863742,581.7,"8/21/2017"," ",20,417,1073.041,378.597,2481.219,711470.1875
91,-95.6397816,39.08718463,122.42,"4/3/2016"," ",12,298,242.677,96.433,655.288,146509.9375
92,-97.91118015,41.14592975,1.18,"4/21/2016"," ",4,514,109.139,37.17,284.201,156107.296875
93,-98.81315662,42.82755892,270.5,"8/21/2017"," ",10,598,0.706,0.375,1.354,28720.05859375
94,-97.8295045,43.58228769,50.37,"7/20/2015"," ",6,397,31.288,22.307,45.636,50795.01953125
95,-97.74742118,42.72177291,5.09,"3/13/2015"," ",21,510,0.963,0.54,1.997,96.4300689697266
96,-96.53183021,42.615246,65.35,"5/11/2017"," ",20,362,60.062,32.734,135.114,0.44239753484726
98,-98.27774859,44.70406152,72.83,"4/20/2014"," ",1,392,87.756,62.855,127.138,39272.36328125
99,-96.98555663,41.533226,3.56,"8/21/2017"," ",6,425,2.724,0.924,7.318,169.3515625
100,-97.8684296,42.06947724,77.14,"8/21/2017"," ",16,553,24.888,15.48,45.117,6572.1455078125
101,-97.47424727,41.44814069,174.45,"9/2/2020"," ",5,458,69.008,28.961,147.684,37938.62890625
102,-97.52678689,41.36122585,56.65,"9/2/2020"," ",2,450,121.335,41.333,311.962,158111.421875
103,-98.4703811,41.1680463,70.58,"9/3/2020"," ",6,560,33.148,13.301,72.026,19557.125
104,-100.9359627,46.37651744,36.25,"5/4/2016"," ",22,569,24.398,3.066,170.471,10586.4931640625
105,-93.59461554,40.61768605,13.86,"10/2/2015"," ",20,285,3.581,1.097,10.345,449.051452636719
106,-93.92930116,40.80696729,22.83,"5/11/2015"," ",20,335,8.4,2.102,24.566,1150.75952148438
107,-94.11331622,41.06436362,11.53,"5/11/2015"," ",19,358,3.074,0.831,8.388,435.798156738281
108,-95.08385874,41.88523486,8.59,"3/8/2015"," ",22,416,2.201,0.62,5.545,149.498245239258
109,-95.87878644,42.35888862,66.13,"5/4/2016"," ",27,378,37.297,18.761,77.573,6685.18505859375
110,-96.0353224,42.94819602,19.84,"5/11/2017"," ",13,400,4.282,1.774,10.408,712.649536132812
111,-96.14387601,43.40237905,48.3,"5/29/2015"," ",11,419,11.764,5.742,28.82,2218.61279296875
112,-98.64749934,45.82140294,6.71,"6/3/2017"," ",5,441,0.345,0.237,0.522,633.021423339844
113,-98.47833685,46.5016509,7.25,"6/4/2017"," ",5,445,0.549,0.39,0.75,776.89794921875
114,-98.7829948,47.49187684,147.85,"7/15/2017"," ",8,459,4.53,3.313,5.45,3235.50317382812
115,-100.9543658,47.23681852,11.77,"9/21/2021"," ",16,567,3.334,2.171,7.456,2034.42602539062
116,-100.4074025,46.80829654,2.39,"9/21/2021"," ",6,542,9.071,6.152,15.237,6625.6689453125
117,-99.86226871,45.8680926,11.25,"5/6/2016"," ",10,557,1.622,1.056,2.771,853.440490722656
118,-100.1032248,46.54476555,2.71,"6/3/2017"," ",9,597,1.345,0.93,2.08,766.76708984375
119,-101.7854131,44.58200624,10.13,"9/14/2014"," ",25,681,0.378,0.083,1.89,137.545837402344
121,-98.79600002,44.59417379,9.31,"6/11/2014"," ",2,424,1.054,0.665,1.754,87.7148742675781
122,-101.590394,46.84065865,6.23,"5/2/2016"," ",15,667,0.432,0.107,2.717,177.320388793945
123,-92.8780655,38.79297847,9.05,"3/2/2020"," ",15,246,1.865,0.752,4.104,69.1153411865234
124,-95.14804181,38.92807693,13.75,"3/31/2019"," ",10,273,10.625,5.644,19.908,1271.04504394531
125,-94.24471299,39.28234274,21.5,"4/10/2021"," ",18,282,4.652,2.417,9.572,569.845336914062
126,-95.11333803,39.3271514,11.75,"4/3/2016"," ",22,316,4.63,2.267,9.062,616.188354492188
127,-94.67304578,39.50165916,36.57,"5/15/2019"," ",16,277,39.913,13.9,100.486,5184.36181640625
128,-93.68568602,39.7686394,68.87,"10/11/2019"," ",15,244,50.48,16.498,136.094,6767.21826171875
130,-101.8841795,46.34662275,21.46,"10/18/2014"," ",15,716,7.407,0.54,54.328,3112.27856445312
131,-101.3153328,46.46054964,2.14,"6/22/2016"," ",21,625,0.73,0.149,4.848,227.750076293945
132,-101.3043682,45.65450534,6.08,"6/22/2016"," ",17,641,1.187,0.241,7.146,503.104827880859
134,-103.1359609,47.05950215,12.21,"9/7/2014"," ",10,814,0.215,0.017,1.456,125.532981872559
135,-92.35336547,37.40166257,30.39,"10/21/2016"," ",34,389,4.112,1.118,9.211,267.303192138672
136,-93.28623151,37.74879298,12.72,"4/29/2021"," ",17,320,3.865,1.218,7.715,326.842346191406
137,-92.27563946,37.86836834,35.4,"5/21/2012"," ",35,300,46.929,12.137,101.344,3527.05200195312
138,-93.83055924,37.99803568,64.83,"11/27/2013"," ",20,251,151.08,72.905,257.699,15928.279296875
139,-94.40974569,38.17092069,14.13,"12/30/2017"," ",9,249,77.391,39.63,137.91,8880.802734375
141,-92.12237573,38.52869523,51.07,"11/8/2019"," ",31,209,17.051,6.271,40.018,1484.02844238281
142,-91.83882075,38.70248148,52.49,"8/3/2018"," ",31,214,8.736,3.67,22.428,806.25048828125
143,-101.7549063,44.82977275,5.19,"9/14/2014"," ",24,689,0.64,0.137,3.391,193.68830871582
144,-101.2338661,45.18202621,29.29,"9/14/2014"," ",26,575,13.326,2.393,72.847,11007.359375
145,-101.1428686,43.83220417,28.82,"9/9/2016"," ",25,680,17.303,4.022,63.872,15106.265625
146,-103.5980444,48.36475278,33.93,"7/21/2020"," ",4,581,0.472,0.223,1.859,1615.38842773438
147,-102.5902209,47.61665002,0.8,"9/28/2016"," ",31,669,0.214,0.07,1.172,81.1470108032227
148,-103.203885,44.59391273,18.26,"9/30/2016"," ",14,853,31.413,6.152,127.816,14913.08984375
149,-103.2991505,47.57765429,32.35,"5/30/2017"," ",59,680,13.149,1.304,84.138,21465.92578125
150,-103.783798,47.79721497,5.5,"5/29/2017"," ",22,690,0.191,0.038,1.166,142.794906616211
151,-102.8278069,47.24514751,5.32,"5/30/2017"," ",21,697,1.185,0.088,9.426,489.090972900391
152,-103.9659704,47.17668647,4.73,"5/29/2017"," ",31,770,2.152,0.233,13.65,1569.08447265625
153,-99.19922966,41.47749988,51.3,"9/4/2020","braided",17,707,16.96,6.801,39.592,11903.759765625
154,-103.0742353,46.60751595,2.92,"9/25/2014"," ",11,837,0.441,0.051,2.925,169.246612548828
155,-103.5590185,46.6285134,33.36,"5/29/2017"," ",31,817,23.837,2.672,132.468,13430.9833984375
156,-99.27805548,42.79319473,134,"4/11/2016","braided",13,604,18.168,7.597,47.209,23221.2109375
157,-104.0708684,47.67683623,5.15,"5/29/2017"," ",33,666,0.483,0.077,2.997,628.366455078125
158,-103.3499034,45.57154798,4.25,"5/13/2013"," ",12,880,0.604,0.101,3.292,316.189849853516
160,-100.7763914,42.78772964,78.78,"9/25/2016","anabranching",18,863,5.853,2.188,16.322,15360.2275390625
161,-102.7339571,44.86694217,5.34,"9/30/2016"," ",16,807,1.915,0.376,9.492,828.382080078125
162,-101.9766495,43.69677399,45.21,"6/15/2016"," ",18,774,11.679,2.62,41.827,10582.28125
164,-101.2745309,41.12018396,31.49,"9/3/2014","braided",13,945,55.167,18.305,138.031,61393.5859375
165,-104.1187089,44.48473535,1.12,"8/4/2016"," ",81,1398,0.861,0.112,4.299,694.594360351562
166,-99.32096816,40.68125011,159.29,"9/4/2020","braided",6,696,106.639,32.218,293.993,151814.453125
167,-99.06354926,41.37127696,140.42,"5/16/2013"," ",17,680,17.97,7.008,41.631,66.5637817382812
168,-99.66937081,41.66406078,5.2,"8/27/2017"," ",13,773,15.232,5.614,37.812,9928.1357421875
169,-104.2963679,45.18829417,11.74,"8/4/2016"," ",13,1048,7.474,1.046,30.953,3325.76416015625
170,-101.0144452,42.79168596,29.38,"5/10/2013"," ",20,903,4.377,1.532,12.899,12989.5595703125
171,-101.0548197,41.15577894,28.89,"7/21/2014"," ",6,910,55.517,18.384,138.379,61894.02734375
172,-99.90571864,40.80223633,5.64,"4/19/2017","multi",5,757,101.812,28.884,286.072,148743.484375
174,-102.2048066,43.4381763,5.05,"4/7/2012"," ",27,968,0.314,0.081,1.135,239.212585449219
175,-98.88088577,40.67444357,221.07,"9/26/2015"," ",1,640,110.309,34.45,299.477,152194.4375
176,-99.01194581,38.8040493,16.07,"4/24/2016"," ",8,575,1.723,0.37,10.886,2037.98498535156
177,-102.6996265,43.79659442,20.91,"6/15/2016"," ",27,844,28.857,4.347,117.58,27850.134765625
179,-103.371764,43.375251,23.03,"10/15/2013"," ",35,1026,34.412,5.155,156.545,24001.51171875
180,-100.3949663,38.83954804,11.25,"2/19/2016"," ",8,789,0.18,0.035,1.18,95.0745162963867
183,-102.8747894,44.49760301,8.61,"5/4/2017"," ",20,796,2.622,0.512,12.574,893.772521972656
185,-102.38385,43.57003465,12.58,"7/16/2013"," ",25,841,8.993,2.05,30.978,8394.5625
186,-104.6441589,42.24570606,94.88,"4/23/2014"," ",38,1420,85.596,14.344,406.085,41732.203125
187,-102.6635747,40.88124157,9.41,"9/4/2020","braided",11,1156,40.103,13.66,102.46,216.717727661133
188,-103.0627915,40.74108647,64.011,"10/15/2015","braided",13,1229,39.601,13.516,101.93,48464.31640625
190,-100.6941351,42.6243353,2.43,"9/25/2016"," ",13,877,0.729,0.359,1.632,1262.38818359375
191,-101.6179018,43.18067451,4,"9/24/2016"," ",14,961,0.692,0.244,2.098,873.421447753906
192,-102.4451867,39.75978678,1.83,"9/24/2011"," ",12,1228,0.089,0,0.36,2798.27905273438
193,-103.8550921,43.32508789,6.85,"6/29/2014"," ",32,1144,28.213,3.893,137.327,18534.79296875
194,-98.19584037,40.94105666,321.81,"4/21/2016"," ",4,563,119.659,40.022,314.644,153929.15625
195,-96.27578687,38.99561326,15.31,"4/13/2019"," ",27,406,1.776,0.875,3.502,266.327392578125
196,-97.98394113,39.99968081,22.08,"4/17/2014"," ",11,497,33.426,11.725,102.119,57846.98828125
197,-96.61528562,41.20007955,9.77,"6/12/2021"," ",14,380,2.244,0.796,6.651,398.368133544922
198,-97.29361564,41.3861526,3.15,"9/27/2011"," ",5,454,192.951,71.382,464.648,403.448822021484
199,-97.10127618,41.50183632,12.75,"8/21/2017"," ",12,449,6.242,2.214,15.954,1213.2255859375
200,-96.81282936,41.75911933,2.57,"5/4/2016"," ",14,437,1.272,0.473,3.27,207.274337768555
201,-98.45002606,42.7686346,194.56,"8/21/2017"," ",19,487,32.92,12.521,82.002,29945.755859375
202,-97.42626117,43.06786421,40.51,"3/13/2015"," ",11,396,37.36,26.381,55.322,54728.078125
203,-96.87495718,43.60089976,13.27,"5/3/2021"," ",11,459,5.177,3.599,8.498,1277.01062011719
204,-98.02999913,43.94220499,46.88,"7/20/2015"," ",4,389,105.966,75.444,155.035,46297.3515625
205,-96.91871038,44.5569527,15.64,"10/9/2014"," ",8,539,19.286,14.235,25.494,5621.86962890625
206,-97.01166313,44.69585559,13.59,"10/13/2014"," ",6,523,11.975,8.946,15.182,2786.71533203125
207,-98.41245627,45.13423921,28.67,"9/26/2014"," ",2,390,58.747,43.298,81.075,25277.375
208,-98.30511094,45.60362668,22.13,"9/26/2014"," ",1,394,40.525,29.785,55.126,18381.310546875
209,-96.45996386,41.38152063,506.69,"6/12/2021","braided",8,372,207.382,76.915,493.839,199350.90625
210,-97.17663399,38.71499435,12.4,"4/8/2014"," ",9,397,1.26,0.608,2.951,183.849990844727
211,-97.61431988,38.58442047,5.44,"4/8/2014"," ",9,429,16.361,5.315,81.013,30.8710594177246
213,-97.95684904,39.77626857,3.51,"9/22/2019"," ",12,470,0.662,0.258,1.886,45.0993499755859
214,-106.2027209,48.91579412,51.01,"7/29/2011"," ",17,885,0.776,0.062,2.393,784.791198730469
215,-96.57740658,39.61145804,54.14,"10/19/2014"," ",16,384,99.417,41.265,264.032,22001.78515625
216,-96.86873232,38.93299496,20.96,"6/27/2019"," ",17,379,3.582,1.705,8.023,682.214416503906
217,-97.41604004,39.58598937,29.16,"9/21/2012","braided",6,407,44.77,15.779,128.733,61828.59375
218,-105.3466815,46.57156745,44.91,"6/23/2016"," ",37,789,39.629,4.611,178.364,34292.71484375
219,-97.29220305,38.78808644,5.73,"4/8/2014"," ",10,397,0.901,0.426,2.207,153.09440612793
220,-97.82228824,38.9785468,23.04,"6/28/2019"," ",10,405,11.798,3.626,50.351,7419.05908203125
221,-99.05600436,39.80750394,4.08,"3/13/2014"," ",13,592,0.392,0.127,1.457,112.303344726562
222,-104.8787343,48.01554808,7.88,"8/18/2013"," ",24,665,0.378,0.138,1.386,224.173751831055
223,-107.9193495,47.04996673,30.47,"3/18/2016"," ",40,824,9.892,2.236,46.739,20547.80078125
224,-105.9882177,48.02386776,340.14,"8/7/2016"," ",13,639,326.451,111.773,643.827,208933.828125
225,-106.3875037,48.21837997,16.57,"7/29/2011"," ",17,704,2.328,0.504,4.44,1785.40112304688
226,-106.4048398,45.45016384,24.88,"6/15/2013"," ",62,1072,10.516,0.919,55.305,7008.08447265625
227,-99.99434139,44.13040396,3.31,"8/20/2012"," ",25,525,0.683,0.305,2.329,270.562683105469
228,-101.4963896,44.13895695,7,"8/16/2013"," ",16,713,0.303,0.069,1.418,111.031089782715
229,-100.0150596,44.4039495,21.79,"8/10/2014"," ",17,519,4.97,2.426,14.055,2022.67907714844
230,-101.9549566,44.38562208,4.28,"6/15/2016"," ",23,759,0.379,0.076,1.829,120.354637145996
231,-101.6081655,44.574117,70.71,"9/14/2014"," ",26,635,44.555,7.87,201.561,56033.5546875
232,-100.1942087,45.32260795,4.02,"8/11/2014"," ",18,555,3.207,1.635,8.811,1546.75451660156
233,-101.6730628,45.21907003,21.58,"9/14/2014"," ",21,681,17.572,2.844,98.932,9111.619140625
235,-101.273227,46.11424522,6.24,"6/22/2016"," ",17,654,0.454,0.109,2.807,179.003723144531
236,-100.7139555,46.38347072,22.54,"5/4/2016"," ",19,534,24.729,3.245,171.51,10845.791015625
237,-101.9886569,46.62040461,42.56,"5/2/2016"," ",17,703,10.985,0.802,72.451,4199.45849609375
238,-100.9136066,47.25802354,8.22,"9/21/2021"," ",16,567,3.334,2.171,7.456,2017.41357421875
239,-106.3280388,46.2865713,174.12,"5/22/2014"," ",16,780,385.646,120.215,972.11,106703.0625
240,-106.3713032,44.63948266,21.39,"4/30/2014"," ",52,1293,2.364,0.266,9.958,2181.11450195312
241,-105.3186446,45.23894437,6.55,"4/18/2014"," ",33,1046,7.745,0.917,37.83,4374.033203125
242,-106.2325302,47.46726399,1.73,"4/15/2015"," ",25,764,1.461,0.293,6.336,824.893737792969
243,-105.2859052,44.0490372,1.77,"7/26/2014"," ",27,1417,2.544,0.237,15.11,1625.43334960938
244,-105.3432341,44.56726308,2.66,"4/18/2014"," ",35,1252,1.438,0.166,7.628,687.067077636719
245,-106.8195053,47.32380265,6.04,"4/15/2015"," ",18,809,1.899,0.084,10.785,1549.67309570312
246,-107.5566815,48.03697538,1.22,"7/3/2014"," ",13,751,1.221,0.231,5.699,40.721996307373
247,-106.894687,48.37297445,19.05,"7/2/2014"," ",16,752,0.148,0.034,0.541,119.478782653809
249,-106.2937422,45.65000873,45.5,"6/6/2016"," ",45,1012,13.974,1.273,70.616,9456.337890625
250,-106.6069438,46.38948699,3.48,"5/17/2015"," ",23,833,1.364,0.191,6.756,1442.40295410156
251,-106.1779058,44.0574346,14.76,"8/3/2016"," ",33,1292,12.455,0.841,64.577,10441.4306640625
252,-106.0792523,44.60164158,76.07,"4/30/2014"," ",41,1179,16.798,1.248,93.06,15266.37890625
253,-105.725754,44.89698066,1.6,"4/30/2014"," ",56,1167,0.478,0.051,2.396,163.458541870117
254,-106.7467213,45.59007004,3.86,"5/21/2014"," ",64,1224,0.425,0.049,1.87,235.468597412109
256,-107.3959916,45.04556558,6.14,"6/25/2017"," ",99,1690,0.451,0.087,1.742,173.122619628906
257,-105.0158908,43.43684736,7.2,"6/24/2016"," ",20,1366,6.106,0.527,37.426,3997.38208007812
258,-106.3236242,40.8899455,9.08,"9/12/2014"," ",70,2643,8.312,3.374,22.945,510.023223876953
260,-106.1617908,42.28022038,9.51,"4/7/2014"," ",16,2157,2.05,0.208,11.091,680.107604980469
261,-104.8105752,39.66813241,1.47,"10/2/2020"," ",16,1722,0.133,0.034,0.372,1.66503095626831
262,-105.1890579,39.31921319,25.82,"10/14/2017"," ",105,2251,5.211,2.114,19.481,5338.84716796875
263,-105.7607627,41.15534192,1.53,"7/27/2015"," ",4,2215,0.562,0.174,1.823,352.506958007812
264,-106.4335285,42.93077868,2.76,"9/1/2019"," ",9,1623,2.401,0.219,11.406,1517.4677734375
265,-108.5086259,48.9405436,3.26,"7/8/2014"," ",11,911,0.189,0.096,0.57,731.005493164062
266,-106.5434994,41.03377841,12.65,"9/12/2014"," ",81,2641,0.605,0.228,1.92,273.371276855469
267,-108.1798866,42.54262337,13.68,"8/1/2013"," ",20,2058,11.446,0.822,57.955,2330.54833984375
269,-104.9678091,39.71511979,5.93,"6/10/2021"," ",14,1701,0.969,0.225,2.82,1051.783203125
270,-107.7659867,43.28026456,9.55,"6/24/2017"," ",29,1661,3.518,0.486,16.854,1597.81958007812
271,-107.343578,43.87500334,2.99,"7/1/2014"," ",54,1502,0.498,0.051,2.244,251.572128295898
272,-105.7815262,39.0163279,10.16,"10/14/2017"," ",36,2736,1.249,0.342,4.75,1032.32788085938
274,-104.6760029,41.47292246,4.12,"9/27/2013"," ",18,1765,1.467,0,12.543,697.163269042969
275,-110.4651913,47.88502201,123.99,"9/11/2013"," ",23,923,249.108,75.442,564.035,63685.28125
277,-104.3719033,44.85975592,11.42,"8/31/2013"," ",33,1134,16.5,2.108,78.024,7755.3623046875
278,-103.4864928,45.23909231,2.52,"8/4/2016"," ",14,920,0.527,0.093,2.702,197.060638427734
279,-102.3958683,45.30173573,9.53,"9/27/2016"," ",18,773,3.896,0.597,23.137,1545.44604492188
280,-103.8784432,45.84988236,16.35,"9/6/2014"," ",15,931,11.865,1.756,54.756,6205.11669921875
281,-103.0355642,45.75473992,3.32,"8/1/2015"," ",20,858,0.887,0.133,5.403,338.558471679688
282,-104.3927758,46.03864912,2.17,"9/6/2014"," ",16,1000,1.042,0.149,5.699,570.594604492188
283,-102.3404589,46.11556688,14.35,"10/18/2014"," ",14,762,3.457,0.4,22.547,1685.25549316406
284,-103.4899468,46.53576414,5.52,"5/29/2017"," ",23,862,0.278,0.058,1.39,167.049407958984
286,-103.0539089,47.02384337,13.48,"5/30/2017"," ",11,789,0.886,0.064,6.094,400.269012451172
287,-103.4608841,47.30234008,3.93,"5/29/2017"," ",39,752,0.335,0.029,2.253,171.520767211914
288,-102.7581659,47.80773357,2.86,"9/28/2016"," ",39,673,0.407,0.142,2.155,265.040344238281
289,-102.7430565,48.29158991,6.87,"5/7/2016"," ",22,689,1.52,0.87,4.816,2214.7001953125
290,-110.6120821,48.19942663,53.57,"4/10/2016"," ",30,924,38.348,20.363,74.079,16574.619140625
292,-108.2285736,48.38193725,13.57,"7/8/2014"," ",12,762,10.157,2.805,46.513,29953.97265625
293,-110.9736798,45.67257624,4.59,"6/17/2021"," ",110,1827,1.801,0.511,4.734,218.22492980957
294,-108.0626746,45.46736133,3.79,"8/18/2019"," ",31,1145,1.332,0.305,4.972,277.056671142578
295,-103.7798218,39.55769914,2.69,"6/13/2017"," ",20,1543,0.092,0.018,0.525,198.696533203125
296,-103.6111438,40.23045854,2.33,"3/19/2016"," ",6,1327,0.812,0.156,4.424,2773.90893554688
297,-103.1157347,40.74441936,1.69,"10/15/2015"," ",11,1249,39.667,13.524,102.032,122.33081817627
299,-103.0482443,42.44756321,6.93,"9/25/2013"," ",17,1242,2.706,0.283,11.93,3852.63452148438
300,-102.8303678,43.17780887,6.77,"10/15/2013"," ",22,963,0.291,0.062,1.026,253.575897216797
301,-102.8239542,43.21725824,15.69,"10/15/2013"," ",16,902,5.034,1.166,15.973,5127.96875
303,-110.3928547,45.67657791,4.75,"9/9/2013"," ",143,1913,0.975,0.31,2.366,110.750625610352
304,-111.2203432,46.85037001,27.11,"7/24/2014"," ",126,1602,15.061,3.333,40.583,2860.95190429688
305,-111.6030197,48.14011371,4.82,"4/29/2014"," ",5,1021,0.919,0.471,2.238,673.572814941406
306,-111.3885211,48.50429444,2.17,"4/10/2016"," ",8,996,1.136,0.463,2.7,1204.41052246094
307,-111.5027174,47.43053792,131.14,"8/25/2014"," ",14,1052,187.763,55.975,465.503,48202.4140625
308,-109.5904969,47.49536294,32.14,"7/1/2014"," ",53,1048,4.698,0.655,24.947,5396.23095703125
309,-109.6237627,48.69881852,11.35,"7/30/2015"," ",8,820,1.092,0.365,4.963,403.103240966797
310,-110.0390793,46.36758922,2.63,"8/1/2016"," ",34,1547,0.493,0.185,1.128,220.932876586914
311,-108.0582489,44.47043506,10.56,"9/13/2014"," ",19,1219,4.843,0.876,12.218,2964.47802734375
312,-108.34052,46.91845079,2.11,"3/18/2016"," ",17,925,0.108,0.021,0.583,516.504577636719
314,-111.3555288,44.85265189,62.07,"7/19/2014"," ",134,2397,25.348,6.071,96.663,2484.787109375
315,-108.3384576,43.03437784,48.97,"5/2/2014"," ",17,1559,31.917,11.412,65.533,11056.263671875
316,-109.0624054,46.29916718,25.81,"7/3/2012"," ",21,1126,4.188,1.225,15.812,6889.54052734375
317,-108.917576,47.04949412,4.61,"7/1/2013"," ",31,1173,0.175,0.022,1.234,226.822723388672
318,-109.5455488,43.82096511,10.49,"7/4/2009"," ",202,3015,1.071,0.285,3.139,150.834869384766
319,-109.5325431,43.64757283,32.62,"7/22/2014"," ",95,2396,1.519,0.331,4.324,469.77685546875
320,-111.4721827,45.95087395,115.24,"6/17/2021"," ",78,1423,152.437,43.536,382.298,36298.0546875
321,-109.9809821,44.12593811,73.87,"6/29/2014"," ",144,2740,2.414,0.585,8.512,410.627105712891
323,-111.4820271,45.87254131,6.15,"6/17/2021"," ",36,1370,0.686,0.167,1.671,102.578384399414
324,-112.4067542,46.78730933,4.72,"7/25/2014"," ",146,1750,0.837,0.286,1.748,117.068290710449
325,-109.0617203,43.96812906,33.18,"6/26/2015"," ",107,2289,1.271,0.057,3.223,425.984802246094
326,-109.0377698,42.80831977,25.75,"6/28/2014"," ",171,3159,0.766,0.442,1.695,124.149917602539
327,-112.3603765,48.26754495,5.34,"7/26/2014"," ",12,1199,2.018,1.124,4.324,370.907165527344
328,-112.7661551,48.95182656,10.81,"7/26/2014"," ",22,1309,2.545,1.991,3.743,799.20068359375
329,-112.5339738,45.32231202,5.16,"4/29/2014"," ",60,1868,0.437,0.128,0.899,114.20174407959
330,-99.4742782,38.74691436,7.2,"4/24/2016"," ",10,636,4.186,1.019,29.213,14163.7265625
332,-99.12718986,39.09401992,14.2,"4/24/2016"," ",21,594,2.075,0.357,12.911,3315.61083984375
333,-99.9800397,39.11666132,3.54,"6/26/2021"," ",11,733,0.921,0.187,5.601,1681.28564453125
335,-99.70422229,39.64672351,5.12,"10/14/2019"," ",17,658,1.355,0.316,7.365,1756.06945800781
339,-99.85982475,40.28771087,17,"4/19/2017"," ",16,690,9.464,2.943,34.336,39097.5859375
341,-100.3109135,40.98113492,22.26,"4/19/2017"," ",19,825,98.804,26.842,281.376,147715.25
342,-108.6234349,43.73252154,4.47,"10/24/2013"," ",54,1927,0.765,0.147,2.654,0.297921448945999
344,-112.6929313,45.50375072,9.12,"9/4/2014"," ",95,1850,10.988,4.11,19.827,6406.42333984375
345,-111.6759791,45.12234391,52.98,"7/19/2014"," ",81,1988,39.71,10.31,141.489,4170.04052734375
346,-112.1601232,47.78986836,4.12,"8/25/2014"," ",13,1169,4.931,2.172,11.949,842.619079589844
347,-97.64389598,38.91016177,8.33,"4/8/2014"," ",10,393,12.226,3.812,51.619,7655.2939453125
348,-97.93988152,39.15303525,14.54,"6/12/2014"," ",16,436,2.184,0.789,7.183,805.932800292969
349,-98.20663216,39.47045327,7.79,"5/4/2014"," ",8,454,19.671,5.037,84.751,13941.037109375
350,-98.1206803,39.63672282,5.46,"5/4/2014"," ",9,467,0.749,0.278,2.289,193.952758789062
351,-98.2987549,39.87472226,2.79,"4/17/2014"," ",13,542,1.559,0.579,4.934,469.940185546875
352,-98.00783216,40.21274064,3.46,"4/17/2014"," ",11,540,0.697,0.302,1.861,148.17106628418
353,-98.61863766,40.31906964,4.52,"4/19/2017"," ",8,614,1.118,0.491,3.035,328.300323486328
354,-98.08245872,40.69166335,5.76,"4/21/2016"," ",5,556,1.358,0.651,3.359,314.90283203125
355,-97.29949577,40.97607731,6.08,"4/22/2016"," ",4,477,4.954,2.113,13.689,920.385192871094
356,-113.4261079,45.71036776,46.78,"7/30/2016"," ",39,1937,4.243,1.423,7.681,2749.86328125
357,-113.3543644,44.95785662,4.24,"6/30/2014"," ",108,2275,0.415,0.094,0.983,112.60920715332
358,-112.647552,45.20538003,6.05,"4/29/2014"," ",59,1834,3.555,1.074,7.961,1134.56872558594
359,-112.2669302,46.27020576,13.4,"7/25/2014"," ",132,2039,1.843,0.577,3.425,568.385803222656
360,-112.8838472,47.48980604,6.09,"7/9/2014"," ",184,2049,1.155,0.441,2.833,60.0611686706543
361,-113.1182042,48.42508935,19.25,"7/26/2014"," ",90,1626,6.477,2.577,15.162,276.917755126953
362,-105.4601201,39.13025718,10.18,"9/8/2016"," ",100,2760,1.932,0.779,6.675,1008.19122314453
363,-104.5971155,40.07263747,1.46,"10/9/2015"," ",9,1568,0.517,0.118,1.416,762.385864257812
364,-105.3965377,40.40752101,6.81,"4/11/2017"," ",139,2531,0.99,0.378,2.972,473.135131835938
365,-105.2433064,40.6967763,17.73,"9/7/2016"," ",81,1761,3.221,0.886,11.732,2720.10009765625
366,-105.9369083,41.36395622,1.45,"7/27/2015"," ",12,2243,1.583,0.406,5.75,445.846527099609
367,-106.2569109,41.96576528,8.69,"7/12/2016"," ",27,2056,5.579,0.554,32.674,2522.86279296875
368,-107.4930761,42.477616,16.55,"8/1/2013"," ",61,2091,15.725,1.092,79.621,5010.263671875
369,-104.9422097,42.96732625,2.91,"4/23/2014"," ",28,1512,0.448,0.063,2.163,240.017715454102
370,-106.6768294,43.32968737,6.24,"9/20/2013"," ",29,1665,1.998,0.183,11.298,1910.45031738281
372,-106.5502705,44.52236047,12.44,"7/25/2014"," ",49,1376,0.853,0.103,3.495,1040.34106445312
374,-106.1611857,45.4627087,16.95,"6/6/2016"," ",40,1003,1.998,0.197,9.361,1338.34729003906
375,-105.2950913,46.17391799,6.08,"7/2/2014"," ",28,833,2.2,0.384,10.143,1933.2333984375
376,-107.3209038,45.8791014,1.77,"3/19/2016"," ",40,1005,1.643,0.245,6.983,767.630004882812
377,-107.1120499,46.14314019,6.12,"5/21/2014"," ",41,958,1.312,0.169,5.978,1012.83929443359
378,-107.4616527,46.39923946,0.88,"4/16/2015"," ",20,878,0.485,0.073,2.401,295.3154296875
379,-107.8144937,46.651147,18.55,"3/18/2016"," ",21,929,6.791,1.657,29.87,12710.5498046875
381,-106.6185143,47.37721173,18.87,"4/15/2015"," ",19,800,0.423,0.053,2.031,350.262939453125
383,-106.5382856,48.14202391,29.01,"8/11/2011"," ",10,666,27.669,13.336,86.865,57470.06640625
384,-106.8336234,48.34253651,24.83,"7/2/2014"," ",11,675,24.255,12.437,73.487,54449.20703125
385,-108.7439698,43.0347834,19.53,"10/24/2013"," ",18,1648,5.802,2.938,12.4,1384.04943847656
386,-108.3379763,43.8662494,3.62,"9/13/2014"," ",40,1487,2.629,0.51,9.625,942.319519042969
387,-108.6627835,44.45816055,2.4,"6/26/2015"," ",20,1514,1.113,0.263,2.773,642.752319335938
388,-109.7137228,44.4578618,49.44,"6/29/2014"," ",204,2502,4.843,1.025,19.092,1020.75213623047
389,-108.6003186,44.94050408,2.34,"8/3/2013"," ",17,1320,2.723,0.821,8.473,624.243286132812
390,-108.9288967,45.49540088,17.56,"7/31/2015"," ",33,1208,14.117,4.912,31.321,1428.76770019531
391,-110.6201283,45.93552918,10.77,"7/25/2014"," ",44,1624,6.695,2.155,15.054,1194.67248535156
392,-108.6406537,46.3654878,17.23,"3/18/2016"," ",36,1042,6.232,1.616,25.496,9137.1787109375
393,-108.5160092,46.78917708,4.59,"3/18/2016"," ",30,1164,0,0,0,524.601318359375
394,-110.0999462,47.08853977,1.02,"8/7/2016"," ",22,1300,0.396,0.091,1.591,160.471862792969
395,-108.5480144,47.16017029,4.25,"9/5/2014"," ",14,984,0.253,0.027,1.666,513.726257324219
396,-111.4985395,47.52416105,81.07,"8/25/2014"," ",15,1062,18.422,7.164,46.656,4665.68701171875
397,-110.0409604,47.47153541,5.01,"8/7/2016"," ",51,1009,3.832,0.958,15.928,1344.39965820312
398,-110.9156474,47.74416258,150.78,"7/26/2014"," ",23,950,247.672,74.848,562.723,62656.78125
399,-109.9440163,48.38337751,6.72,"7/30/2015"," ",23,885,6.329,1.868,28.289,4260.869140625
400,-108.9123115,48.54376615,27.51,"9/20/2014"," ",1,717,9.037,2.459,43.109,25578.439453125
401,-90.69485611,39.56287863,13.5,"9/18/2020"," ",12,221,1.291,0.608,3.362,0.006616610102355
402,-91.05525246,41.10316309,332.79,"4/25/2019"," ",7,192,284.018,112.666,674.233,32574.705078125
403,-93.94009084,42.11853105,113.62,"10/7/2019"," ",21,329,87.189,52.8,157.985,14558.5556640625
404,-94.15769428,41.86057044,61.77,"7/23/2018"," ",5,311,32.792,11.085,76.513,5580.0576171875
405,-94.73470697,41.9191287,12.66,"7/23/2018"," ",21,367,3.958,1.063,9.756,526.122863769531
406,-92.43790732,41.92300186,53.54,"3/19/2015"," ",17,270,43.627,17.263,92.196,5215.583984375
407,-90.79667664,42.17966494,26.59,"5/21/2012"," ",28,274,8.351,3.181,21.565,942.1806640625
408,-93.62028093,42.8433651,23.28,"10/7/2019"," ",3,365,7.899,4.081,15.629,899.262756347656
409,-90.63759013,42.73997753,22.16,"5/30/2015"," ",39,270,3.707,1.455,9.425,357.998016357422
410,-92.53431731,42.92489678,68.6,"5/21/2016"," ",12,308,37.922,10.493,128.448,3747.45776367188
411,-92.40968028,43.49311258,12.92,"5/21/2016"," ",8,390,4.431,0.941,14.951,279.779541015625
412,-91.74452215,44.10696226,1612.64,"4/2/2021"," ",21,208,2.264,0.745,6.593,265.807769775391
413,-92.91474375,44.42985907,10.08,"3/31/2021"," ",31,319,2.207,1.131,5.591,167.24382019043
414,-93.21417758,46.0684692,21.66,"5/27/2021"," ",14,365,4.938,4.073,6.562,636.455749511719
415,-93.60597877,46.66043256,67.46,"8/22/2021"," ",3,369,97.483,89.505,110.839,13905.8994140625
416,-90.50206626,45.3897955,36.66,"6/10/2016"," ",14,445,3.111,2.029,4.919,846.282165527344
417,-89.55759517,45.26491562,24.32,"5/28/2021"," ",14,435,6.21,4.125,10.042,412.873748779297
418,-89.75334643,44.6878999,34.01,"3/28/2021"," ",9,351,6.254,3.839,12.219,617.508422851562
419,-91.89624249,44.6972692,213.05,"4/20/2017"," ",21,250,234.909,180.056,345.574,23291.2109375
420,-90.54284314,45.75822667,71.05,"5/9/2013"," ",11,448,11.571,9.077,16.463,850.685424804688
421,-90.06983945,44.05006639,43.69,"9/13/2017"," ",5,290,10.858,7.499,18.908,1452.73986816406
423,-90.79705849,44.37920213,21.18,"10/12/2013"," ",17,301,2.345,1.158,5.339,225.927444458008
424,-91.67359502,45.54113667,32.22,"9/29/2015"," ",10,379,7.334,6.205,9.014,690.402160644531
425,-91.78375231,44.99859638,42.15,"4/20/2017"," ",27,298,28.628,21.767,44.897,3029.69091796875
426,-91.11828597,43.89129785,24.82,"9/28/2015"," ",59,271,8.414,3.627,20.058,1029.74548339844
427,-86.61660858,41.45807262,18.74,"9/8/2017"," ",5,223,10.056,6.239,18.204,894.262817382812
429,-92.67179681,44.66858231,346.93,"5/14/2018"," ",26,275,626.057,523.334,719.583,116320.171875
430,-92.57636346,43.97595639,9.5,"5/18/2016"," ",11,375,1.7,0.312,6.729,160.607788085938
431,-87.93689264,42.22691286,56.46,"7/27/2018"," ",8,229,7.016,2.803,18.214,703.550659179688
432,-88.53256407,41.74265516,6.81,"9/20/2015"," ",3,221,3.804,1.284,11.919,162.182952880859
433,-87.74498834,40.60007503,17.48,"10/23/2018"," ",1,211,7.749,3.001,25.76,766.7021484375
435,-89.09604995,41.40089376,18.44,"9/20/2015"," ",10,192,4.006,1.401,13.085,255.333892822266
437,-90.49056434,38.92085265,960.09,"9/25/2021"," ",7,139,2778.957,1845.736,4958.044,36.4062690734863
438,-93.51587658,47.3489292,19.93,"8/21/2013"," ",13,406,12.339,11.197,14.314,1214.248046875
439,-90.69669033,41.45553556,965.67,"4/25/2019"," ",15,206,1872.21,1302.573,3295.695,258090
440,-89.61095864,43.56122827,233.76,"9/21/2013"," ",16,263,210.256,155.077,303.911,21002.18359375
441,-90.68486919,39.11204209,1173.36,"9/18/2020"," ",23,165,2750.578,1809.625,4918.574,367399.5625
442,-89.83864366,39.99716532,62.27,"10/16/2018"," ",6,180,71.529,32.038,217.82,7908.421875
443,-89.68462561,40.73135175,21.74,"6/16/2016"," ",17,193,7.308,3.373,22.355,686.296081542969
444,-90.91027749,40.37599125,22.78,"8/23/2015"," ",9,174,13.362,6.609,37.431,1502.1201171875
445,-89.76503573,43.14763392,9.82,"8/10/2020"," ",40,283,2.632,1.171,6.833,173.148803710938
446,-88.85860755,43.05020637,63.59,"9/15/2021"," ",11,253,17.086,11.306,33.914,2005.95971679688
447,-89.59853747,43.00812982,3.42,"9/15/2021"," ",24,319,1.946,0.804,5.12,71.0289840698242
448,-89.4410421,42.71427013,117.38,"9/15/2021"," ",16,265,11.546,4.292,31.207,1151.02185058594
449,-89.06679883,41.87062138,5.39,"4/7/2019"," ",5,260,1.503,0.512,4.692,62.4985046386719
450,-89.32051193,42.52552793,177.89,"4/7/2019"," ",15,245,15.635,5.868,41.599,1680.681640625
451,-92.21787702,42.37718078,98.39,"10/26/2020"," ",9,272,126.664,42.417,353.47,13711.6435546875
452,-90.80926707,42.06959533,12.05,"5/21/2012"," ",21,252,2.401,0.95,6.476,272.765502929688
453,-90.58988244,43.74932658,10.61,"6/27/2010"," ",55,366,2.415,1.129,5.54,266.383972167969
454,-90.8063379,43.10421993,313.82,"3/20/2015"," ",51,266,265.565,191.155,436.511,28353.30859375
455,-89.7146473,42.37893165,32.11,"9/8/2015"," ",15,254,26.41,7.203,78.11,2988.63330078125
456,-92.38551868,45.8574832,18.02,"9/28/2015"," ",11,301,7.716,6.512,9.564,853.916259765625
457,-92.03986594,42.24051918,62.37,"10/27/2020"," ",8,249,139.893,46.613,382.669,15287.5439453125
458,-91.82644504,43.04234355,37.06,"5/21/2016"," ",26,336,15.96,3.75,45.741,1657.75073242188
459,-92.2962761,42.36368356,9.09,"3/10/2015"," ",9,279,1.301,0.355,3.489,92.2261352539062
460,-95.70946517,45.51966131,23.49,"5/11/2013"," ",6,343,7.313,5.783,8.871,407.619171142578
462,-92.83350968,44.73546645,18.55,"10/11/2014"," ",15,257,6.568,3.991,14.326,692.78369140625
463,-95.72120557,44.91709369,38.15,"10/1/2012"," ",11,300,66.821,50.903,84.802,16406.47265625
464,-94.71382392,43.11243651,24.2,"9/22/2012"," ",6,387,23.816,19.468,28.845,4497.4970703125
465,-94.15183424,47.23158551,21.15,"6/12/2014"," ",5,398,18.486,17.034,20.915,3123.53051757812
466,-94.30215601,45.85337941,26.97,"9/30/2013"," ",7,338,5.225,4.612,5.838,1105.29626464844
467,-91.45809928,40.63018999,9.84,"6/12/2014"," ",13,200,2.752,1.248,7.636,279.209838867188
468,-95.60433705,45.19932055,12.73,"10/1/2012"," ",1,312,4.952,3.929,6.562,653.502990722656
469,-95.09148642,46.77249416,6.91,"8/21/2013"," ",10,451,0.925,0.757,1.042,252.668762207031
470,-94.71319648,45.38508449,22.25,"5/11/2013"," ",8,366,4.51,3.636,5.703,620.886657714844
471,-91.82829053,40.38609888,16.19,"6/12/2014"," ",12,204,5.999,2.587,16.239,681.507019042969
473,-91.27452606,41.4703944,24.74,"6/12/2014"," ",8,207,3.37,1.258,9.788,329.303283691406
474,-94.3679343,42.78146462,49.1,"4/9/2012"," ",4,344,32.273,25.782,41.548,5865.8486328125
475,-94.14597775,43.69820321,19.72,"9/24/2012"," ",3,332,13.791,7.848,28.46,2010.38098144531
476,-94.63141625,44.41318056,9.29,"9/30/2011"," ",3,316,1.504,1.069,2.502,217.674896240234
477,-95.79017714,44.02995161,8.85,"10/1/2012"," ",8,495,2.506,1.889,3.246,403.730712890625
478,-96.00298391,44.55123279,8.92,"10/1/2012"," ",7,394,1.458,1.105,2.007,297.050415039062
479,-93.78347774,41.73853336,30.76,"10/15/2014"," ",11,273,6.352,2.269,14.469,912.309997558594
480,-90.01646158,44.04119073,275.82,"9/21/2013"," ",5,276,160.223,123.607,239.716,15312.318359375
481,-92.82858648,44.15245157,23.11,"7/3/2011"," ",7,372,1.541,0.715,4.143,150.040634155273
482,-91.40523124,44.55175346,12.12,"4/21/2014"," ",32,300,4.321,2.12,10.121,341.574371337891
483,-91.93050468,44.76349706,37.8,"4/21/2014"," ",27,266,43.883,31.567,74.774,4836.05126953125
485,-90.8772101,45.63465141,88.68,"9/29/2015"," ",16,410,53.347,37.466,66.05,4776.55029296875
486,-91.17816232,39.16554845,32.49,"10/6/2020"," ",15,192,3.357,1.465,8.64,441.475006103516
487,-92.34014772,40.87858188,8.32,"7/27/2020"," ",20,237,4.421,1.574,12.305,499.455596923828
488,-96.3861014,44.76060108,4.38,"9/1/2015"," ",4,360,1.74,1.289,2.544,210.280960083008
489,-96.0194192,44.97130543,21.49,"9/1/2015"," ",4,316,10.753,7.966,15.601,2693.35815429688
490,-93.70481452,41.44934227,15.58,"3/10/2016"," ",17,267,6.875,2.06,18.139,870.799194335938
491,-91.28078947,39.08604015,22.28,"3/14/2014"," ",11,216,7.338,3.149,19.056,816.522033691406
492,-96.39922686,45.1845943,12.1,"10/1/2012"," ",6,332,1.662,1.232,2.284,546.635437011719
494,-91.44995848,40.0456798,4.25,"12/30/2011"," ",5,147,10.437,5.226,27.651,0.006570814643055
495,-91.86710326,39.16859287,9.92,"4/8/2012"," ",6,254,2.166,0.933,5.596,216.979568481445
496,-91.91956383,39.47564794,43.53,"4/9/2012"," ",12,230,6.827,3.187,16.317,907.683837890625
497,-89.49566716,39.67186445,22.33,"4/12/2016"," ",4,176,16.443,7.838,45.118,1835.85302734375
498,-90.32423875,39.83827699,11.7,"8/23/2015"," ",6,181,10.578,5.078,16.987,311.073516845703
499,-89.26997355,40.21762937,27.84,"3/31/2015"," ",4,186,7.921,3.177,26.656,729.172241210938
501,-89.65359652,40.60711294,231.44,"6/16/2016"," ",12,174,430.936,210.947,1029.878,34086.88671875
502,-90.11460953,41.09222405,10.52,"9/14/2017"," ",10,232,3.006,1.357,8.872,214.641845703125
504,-87.01283628,41.24220119,47.51,"4/22/2017"," ",5,207,48.526,29.959,84.4,3912.65405273438
505,-88.41256837,41.65779615,141.47,"5/29/2021"," ",10,203,50.835,19.128,135.464,4543.65283203125
506,-89.81162517,42.2616548,10.13,"9/8/2015"," ",12,269,2.859,1.11,7.288,216.979278564453
507,-92.14897581,42.64357126,24.85,"10/26/2020"," ",6,303,12.994,3.273,36.633,1407.42687988281
508,-90.93743469,42.68374506,556.66,"5/30/2015"," ",37,254,1487.787,1126.893,2385.446,210888.046875
509,-92.08317212,43.10414873,16.93,"5/21/2016"," ",10,342,2.341,0.515,6.773,184.254653930664
510,-88.91141123,43.28840206,35.24,"9/15/2021"," ",11,258,5.498,3.194,12.501,570.164428710938
511,-91.23220684,43.46625118,645.08,"9/28/2013"," ",56,266,1119.128,887.119,1738.525,3002.30932617188
512,-91.56933425,39.58471747,72.21,"9/3/2020"," ",15,207,48.04,22.79,119.89,6164.3203125
513,-92.02393937,40.00328055,31.26,"7/13/2015"," ",11,231,4.255,1.915,10.961,548.599609375
514,-91.57232435,40.13436516,17.17,"9/15/2021"," ",11,190,8.051,3.6,21.576,1032.02880859375
515,-91.41099275,40.55798082,1362.47,"9/15/2021"," ",8,190,2315.364,1527.42,4208.821,308911.875
516,-92.07033166,40.82909782,178.51,"7/27/2020"," ",16,215,219.044,114.178,441.133,35963.16015625
517,-91.72116424,41.13096422,65.44,"10/14/2020"," ",12,207,69.93,23.283,177.903,8351.60546875
518,-91.30832535,41.19970604,16.02,"10/14/2020"," ",12,200,3.252,1.312,9.177,375.115325927734
519,-92.03260365,41.24360881,45.19,"6/17/2016"," ",12,225,38.818,12.658,89.729,4793.14404296875
520,-92.62786856,41.354035,51.96,"7/27/2020"," ",14,237,34.55,11.342,76.935,4293.369140625
521,-93.4140625,41.50247872,75.83,"9/24/2021"," ",13,256,163.57,81.737,332.051,28753.53515625
522,-94.89265477,42.26415634,29.29,"9/3/2019"," ",8,363,12.961,4.436,30.731,2173.58471679688
523,-95.0239551,43.66774095,44.27,"7/25/2016"," ",11,440,17.09,14.017,22.128,3307.76098632812
524,-93.70335379,44.02661613,29.13,"5/31/2017"," ",5,328,5.659,3.143,12.877,621.115539550781
525,-94.81789821,44.22356068,26.67,"7/22/2015"," ",5,316,11.21,8.261,17.867,2259.275390625
526,-94.27478022,44.66083076,7.79,"5/14/2018"," ",2,312,2.097,1.512,3.472,307.717376708984
527,-95.78376339,44.71008368,16.99,"9/1/2015"," ",2,325,1.504,1.13,2.394,297.786712646484
528,-95.35226437,45.05424221,11.44,"4/28/2015"," ",2,323,3.728,2.971,5.204,458.371887207031
529,-94.81835702,45.39621294,9.35,"8/30/2016"," ",3,380,3.505,2.817,4.345,539.189392089844
530,-94.34008761,46.09804308,126.77,"5/29/2015"," ",10,362,168.187,146.325,196.736,28937.87890625
531,-94.88401541,47.44969243,23.72,"8/21/2013"," ",8,417,7.17,6.038,8.823,1406.43395996094
533,-88.8664099,39.11510728,19.48,"9/13/2020"," ",8,180,3.106,1.57,7.656,222.497512817383
534,-89.14316564,38.86724914,30.16,"9/13/2020"," ",4,156,47.207,23.862,125.872,5429.38623046875
535,-89.42484742,38.6714657,14.76,"4/11/2019"," ",2,138,3.072,1.591,6.066,267.823486328125
536,-90.32804753,38.39909255,585.33,"9/25/2021"," ",14,144,6468.828,3995.216,10978.899,1787587.125
537,-90.91630043,38.44541331,38.32,"7/24/2018"," ",30,189,18.323,7.017,46.868,2136.87084960938
538,-88.99648471,38.22391974,11.72,"3/31/2015"," ",6,142,2.456,1.217,4.805,265.973449707031
539,-91.4112155,38.28679756,23.14,"10/15/2014"," ",27,246,10.278,3.792,26.366,1036.88195800781
540,-89.96444385,38.23500244,6.89,"11/29/2013"," ",9,134,4.97,2.296,9.464,44.7943801879883
541,-91.15565736,38.07211025,65.53,"6/3/2012"," ",41,255,27.217,10.442,67.512,3606.20483398438
542,-90.12795942,38.03763581,44.2,"6/4/2012"," ",19,144,6560.329,4129.873,11114.706,340.771026611328
543,-91.54900433,37.98150858,22.12,"10/28/2014"," ",31,296,7.977,2.994,19.167,979.567749023438
544,-91.60203284,37.90038093,12.06,"10/28/2014"," ",23,334,1.084,0.38,2.667,121.690238952637
545,-89.12840215,37.82835406,29.62,"3/3/2017"," ",7,124,24.711,11.113,46.385,2472.0263671875
546,-91.19172831,37.74827173,12.54,"10/28/2014"," ",42,327,2.683,0.935,6.55,243.832077026367
547,-89.86851493,37.52007284,9.69,"11/9/2015"," ",22,171,4.476,1.72,8.834,217.05973815918
548,-89.8794425,37.27852767,10.94,"11/9/2015"," ",30,161,7.428,2.778,14.781,355.240478515625
549,-84.24054516,34.79018852,28.29,"3/6/2015"," ",104,751,14.196,7.54,26.153,455.711029052734
550,-84.41951436,35.35593442,10.36,"4/12/2013"," ",69,382,4.048,1.835,7.642,126.514793395996
551,-86.45013422,35.98498959,61.03,"8/1/2011"," ",14,183,14.746,4.376,28.113,822.287902832031
552,-87.07193677,36.25826236,221.16,"8/1/2011"," ",40,169,576.729,186.53,1218.715,33920.6015625
553,-84.31254431,36.92629511,67.05,"4/12/2013"," ",51,343,82.964,24.767,191.852,5228.41552734375
554,-81.11162312,36.92526909,23.95,"3/18/2019"," ",68,764,7.525,4.103,18.757,381.154937744141
555,-83.37644178,37.36346266,26.19,"10/9/2013"," ",114,342,21.806,6.899,52.324,1559.74694824219
556,-83.65765511,37.34565876,38,"10/9/2013"," ",126,366,19.49,6.479,43.369,1321.13134765625
557,-82.68503065,37.59650859,36.61,"10/8/2013"," ",140,311,43.314,13.792,114.362,3484.13305664062
558,-85.91791554,37.58098617,22,"4/4/2013"," ",10,232,6.263,2.125,12.7,472.428192138672
559,-84.76833656,37.89087759,81.19,"9/12/2010"," ",35,254,179.987,60.433,392.984,13165.66796875
560,-86.48358678,38.04251064,742.08,"4/4/2013"," ",38,184,3660.734,1549.308,8608.076,248079.65625
561,-83.84321152,38.30464471,33.82,"10/8/2013"," ",40,255,53.895,18.512,130.887,4141.259765625
562,-81.8339818,38.62757376,18.08,"3/26/2012"," ",60,260,2.154,0.728,6.255,96.7403411865234
563,-81.87027888,39.52881416,9.45,"10/8/2013"," ",41,285,1.948,0.684,6.296,153.840560913086
564,-83.88622627,39.72430366,11.79,"11/7/2020"," ",6,321,2.491,1.119,7.69,169.686370849609
565,-80.80913404,40.06684783,20.27,"10/4/2015"," ",63,331,3.756,1.378,12.724,251.878326416016
566,-81.87254752,40.28656618,43.52,"9/29/2021"," ",37,252,69.642,30.269,222.39,5857.9619140625
568,-79.49140944,41.1617576,61.64,"9/30/2017"," ",42,413,65.422,21.758,262.652,2883.6796875
569,-78.11604156,41.75768164,14.73,"10/5/2016"," ",92,621,6.081,1.088,26.578,282.498138427734
570,-79.33220042,41.84096897,76.21,"4/14/2016"," ",69,493,14.139,5.621,50.24,785.816772460938
571,-78.97926819,41.09394561,21.95,"4/5/2014"," ",55,492,9.041,3.303,32.543,377.699951171875
572,-80.60603509,40.72087464,65.5,"8/21/2015"," ",46,336,11.997,4.671,39.837,682.98681640625
574,-80.39110056,41.40745613,23.06,"10/9/2019"," ",20,342,15.046,6.477,46.592,241.910461425781
575,-79.16429046,40.4102737,90.56,"9/26/2019"," ",64,417,41.088,16.051,144.512,2144.99682617188
576,-79.49580062,40.21306326,9.63,"4/17/2016"," ",47,363,3.674,1.432,12.832,62.5943832397461
577,-81.20289188,39.40248714,71.34,"9/14/2015"," ",78,274,1272.139,528.278,3886.646,1460.38513183594
578,-80.29302504,40.86200918,57.79,"4/17/2016"," ",50,312,36.65,14.296,118.369,2144.62915039062
579,-80.46503335,40.19085009,16.19,"3/20/2021"," ",61,354,4.338,1.575,15.238,175.180068969727
580,-81.35549566,40.80685021,9.37,"8/19/2020"," ",14,350,3.243,1.393,10.599,263.858093261719
581,-80.37686921,38.45847421,27.51,"6/12/2016"," ",158,890,11.618,6.079,30.562,433.333984375
582,-80.31826141,39.34975385,31.01,"3/21/2021"," ",88,355,28.624,12.955,83.654,1410.35571289062
583,-79.49281796,39.10919709,21.9,"7/9/2011"," ",71,959,6.443,2.913,20.123,236.698974609375
584,-79.68083316,39.33855839,67.01,"11/12/2016"," ",121,668,50.825,22.995,154.619,2414.12841796875
585,-81.09756157,38.9249068,33.43,"3/21/2021"," ",89,297,41.403,18.494,118.428,2361.68432617188
586,-81.63595452,39.27534163,498.73,"3/7/2020"," ",37,210,1622.33,672.037,4529.876,98268.6484375
587,-80.76405508,38.65495022,45.41,"3/21/2021"," ",112,352,37.617,19.008,97.277,1459.4677734375
588,-83.76008071,39.94486743,16.22,"2/21/2020"," ",11,309,5.084,2.353,16.066,248.534576416016
589,-80.31567962,37.90166845,26.96,"11/13/2013"," ",97,698,54.705,28.305,155.633,381.755981445312
590,-80.87136228,37.16523946,16.81,"11/8/2013"," ",82,801,4.007,2.116,10.252,244.709594726562
591,-82.45434003,40.25206745,16.49,"5/17/2012"," ",14,330,4.635,1.9,14.434,292.604248046875
592,-82.86907987,39.84711732,22.23,"3/17/2018"," ",8,236,7.118,2.727,22.332,470.370452880859
593,-83.34593906,40.14478997,18.21,"3/17/2018"," ",4,297,5.096,2.349,16.119,401.883056640625
594,-82.10716349,37.25548234,13.8,"10/18/2015"," ",162,576,6.62,2.462,17.498,491.075134277344
595,-81.71558404,37.44515421,28.09,"10/18/2015"," ",157,546,8.979,3.009,26.156,571.000915527344
596,-83.3126038,37.93787775,23.65,"4/4/2016"," ",70,310,1.268,0.405,3.137,1187.75317382812
597,-81.88508609,39.32869575,11.56,"10/4/2015"," ",56,256,3.854,1.336,12.227,358.469329833984
598,-84.1731325,39.05042558,41.24,"3/3/2018"," ",19,250,13.059,5.372,36.969,897.365234375
599,-82.10730749,36.7678187,50.34,"1/31/2011"," ",112,585,21.902,11.317,49.086,1077.22521972656
600,-81.95722957,38.73999754,234.44,"4/13/2011"," ",53,230,511.218,262.563,1330.875,31261.99609375
602,-82.00645335,36.97234643,35.26,"10/18/2015"," ",107,678,13.932,5.153,37.849,995.840270996094
603,-84.06715095,39.35424186,37.25,"3/11/2019"," ",10,276,9.134,3.918,26.972,548.142822265625
604,-83.13960247,39.08096854,13.3,"3/4/2021"," ",72,276,4.23,1.517,12.654,255.602127075195
605,-83.18266023,36.16276924,85.3,"10/23/2019"," ",35,375,99.225,55.298,196.744,4364.5478515625
606,-83.8144062,37.48343574,23.44,"9/20/2020"," ",55,339,2.178,0.721,4.887,163.063888549805
607,-81.43734498,36.54784527,11.9,"11/7/2013"," ",111,1079,2.216,1.242,5.062,107.605850219727
608,-83.51197168,35.72580739,14.36,"11/9/2013"," ",141,802,5.973,2.862,11.494,150.786270141602
609,-83.3759063,34.96843631,14.55,"3/18/2013"," ",124,878,6.053,2.915,11.629,110.783363342285
610,-82.39170767,35.98618743,19.16,"11/7/2013"," ",156,983,10.561,6.764,19.98,307.556884765625
613,-82.81079261,35.14302419,29.3,"4/20/2018"," ",82,813,9.524,5.549,18.348,264.256317138672
614,-86.70939284,40.9178122,111.39,"4/22/2017"," ",2,210,45.481,27.327,80.678,3240.9091796875
615,-80.36640709,40.43774588,15.21,"4/17/2016"," ",46,352,2.534,0.913,9.061,160.255630493164
616,-80.66752296,40.57279688,58.6,"8/21/2015"," ",68,328,9.049,3.415,30.696,620.072082519531
617,-79.70204527,40.70756437,31.13,"9/17/2019"," ",39,360,7.602,2.984,25.368,429.442138671875
618,-79.36069726,40.9407426,40.02,"9/30/2017"," ",81,397,24.521,9.795,79.991,1022.47814941406
619,-79.35845655,41.21946168,125.64,"4/5/2014"," ",45,449,54.216,17.336,222.801,2369.95678710938
620,-79.41856348,41.56036224,204.31,"4/5/2014"," ",64,471,175.181,41.338,786.245,9504.8681640625
621,-83.33743908,35.47452594,26.4,"3/18/2013"," ",121,718,13.608,6.96,26.607,465.375427246094
622,-84.56731761,35.93973231,128.87,"3/7/2017"," ",66,360,43.219,15.535,86.727,2023.6083984375
623,-84.5262742,40.112697,31.89,"9/24/2014"," ",3,304,6.812,2.73,23.276,478.669006347656
624,-84.12594096,36.13995523,130.54,"4/3/2021"," ",101,405,138.896,53.007,301.45,7699.37158203125
626,-80.73460298,37.33887593,98.08,"11/3/2019"," ",109,682,156.73,93.989,375.83,8940.3076171875
627,-80.08592724,38.23401983,45.98,"10/28/2016"," ",103,888,21.889,9.443,66.218,1050.70178222656
628,-81.12659247,38.22879353,116.37,"6/8/2016"," ",173,454,60.729,29.462,169.82,3340.599609375
629,-80.44281413,38.7469485,24.26,"11/13/2013"," ",98,543,3.807,1.813,10.151,155.735916137695
630,-81.34948266,39.00252049,53.87,"3/21/2021"," ",79,255,55.494,24.054,159.234,3537.65380859375
631,-80.07370283,39.38611474,102.34,"3/21/2021"," ",84,391,86.386,40.232,247.448,3412.39013671875
632,-81.13589542,39.4433626,367.22,"3/21/2021"," ",75,269,1250.392,519.93,3849.766,67883.6328125
633,-80.66178794,37.53106151,17.58,"3/18/2019"," ",104,714,4.108,2.123,10.986,234.91911315918
634,-85.71057401,41.06564714,39.22,"10/7/2016"," ",7,258,10.965,6.289,22.082,971.392761230469
635,-86.77621718,40.11612402,21.94,"9/9/2017"," ",3,254,9.765,4.622,29.878,790.367126464844
636,-84.0083749,39.69725906,14.79,"2/21/2020"," ",11,284,8.142,3.679,25.204,619.453186035156
637,-84.80713042,39.12625339,132.88,"10/12/2019"," ",27,178,175.476,78.339,566.004,13898.146484375
638,-84.87700955,39.84248338,12.18,"9/24/2014"," ",11,319,4.904,2.167,15.922,121.703773498535
639,-85.65473531,38.80597965,27.34,"2/28/2016"," ",12,184,11.393,4.299,30.955,749.073059082031
640,-87.94321823,38.45683128,12.91,"9/22/2013"," ",9,135,5.929,2.567,13.508,395.222503662109
641,-88.04434091,40.1695562,7.44,"4/18/2014"," ",2,212,3.688,1.299,12.545,205.389434814453
642,-84.51664406,37.4954292,15.5,"4/12/2017"," ",36,309,4.318,1.556,9.133,238.174285888672
643,-84.40903792,38.5497279,49.43,"4/11/2017"," ",29,236,31.095,11.422,71.201,2086.62866210938
644,-86.69189642,40.33205994,26.03,"4/11/2017"," ",5,239,6.246,3.033,18.751,479.456390380859
645,-85.66684888,38.00344029,38.97,"2/28/2016"," ",31,184,31.871,11.49,69.441,2337.98266601562
646,-85.75912791,38.50392236,12.21,"6/6/2020"," ",24,193,1.928,0.664,4.895,155.945434570312
647,-88.15557582,39.42806524,41.69,"4/12/2016"," ",11,196,23.821,10.822,69.751,2314.72827148438
648,-86.33530909,36.25511784,26.41,"12/10/2019"," ",20,181,2.858,0.887,5.423,112.280334472656
649,-87.07849245,38.91176876,99.9,"3/28/2016"," ",5,151,157.555,65.07,487.208,12264.1630859375
650,-88.1121417,37.56405868,591.61,"10/15/2015"," ",25,124,5093.88,2181.141,10992.415,367689.09375
651,-88.00044781,37.99232554,21.32,"9/22/2013"," ",10,126,7.893,2.999,16.641,658.359191894531
652,-85.09142495,36.57078961,23.28,"10/17/2015"," ",50,304,6.835,2.253,14.059,291.156372070312
653,-87.60833914,37.49153058,4.7,"10/15/2020"," ",19,140,2.319,0.825,4.697,0.006807459518313
654,-84.01309008,37.7463075,76.26,"3/5/2021"," ",48,256,108.204,34.556,246.382,8175.8203125
655,-85.8939719,37.56228533,1906,"2/21/2020"," ",10,232,6.263,2.125,12.7,440.995483398438
656,-88.80143179,37.67967175,15.83,"2/20/2020"," ",16,160,4.15,1.6,7.755,212.843002319336
658,-85.92116835,36.05714782,34.98,"11/19/2017"," ",77,230,10.788,3.298,20.738,492.998901367188
659,-87.06437112,37.4945411,34.92,"10/15/2020"," ",18,130,35.487,11.6,72.563,2759.71704101562
661,-84.68986287,35.14319245,72.35,"4/12/2018"," ",48,284,49.268,26.995,88.081,1612.03796386719
662,-85.18233026,37.18143736,46.77,"4/11/2016"," ",37,273,16.303,6.213,32.658,1061.19189453125
664,-87.10871722,36.13614956,27,"8/1/2011"," ",40,192,24.597,7.405,47.6,1772.72033691406
665,-86.8873493,36.96086324,10.16,"5/19/2019"," ",25,161,3.689,1.218,7.186,187.897064208984
666,-87.3605512,37.49058989,25.29,"10/15/2020"," ",7,119,19.924,6.705,39.775,1560.58715820312
667,-88.55379255,37.02253051,49.91,"10/15/2015"," ",9,116,20.019,6.814,37.418,1418.33056640625
668,-89.17464187,37.02069445,796.96,"5/18/2015"," ",2,93,7857.919,3409.916,15852.79,526822.875
669,-86.44259336,34.74037695,33.42,"11/28/2013"," ",38,237,20.492,5.25,44.061,990.814758300781
670,-84.81416752,36.09197194,49.52,"11/9/2019"," ",39,505,8.122,2.789,16.365,383.442047119141
671,-85.19896732,34.99580642,6.59,"10/6/2020"," ",21,240,9.543,3.623,19.11,400.670959472656
672,-87.5915647,35.45561973,29.49,"4/15/2019"," ",32,261,10.48,2.875,21.491,544.453552246094
673,-85.70057221,34.90044189,153.18,"10/6/2020"," ",36,420,4.235,1.409,8.485,217.849105834961
675,-86.6391159,35.57895031,46.22,"11/24/2019"," ",12,223,34.604,9.63,68.172,1637.38684082031
676,-86.50902175,34.91794119,35.76,"2/1/2019"," ",10,238,6.658,1.702,14.19,285.435180664062
677,-87.61797458,35.62894302,19.84,"10/19/2013"," ",40,235,2.651,0.737,5.244,81.8257751464844
678,-87.45836225,35.12695645,33.14,"2/19/2012"," ",35,263,5.564,1.456,11.631,297.462707519531
679,-88.16194884,35.61481409,16.27,"11/29/2012"," ",22,142,9.432,3.057,17.866,580.405334472656
680,-88.30219278,35.34523596,7.8,"11/29/2012"," ",18,138,8.235,2.639,15.654,360.635894775391
681,-87.74182179,34.28143381,45.61,"3/5/2019"," ",25,268,8.68,2.225,19.193,338.500732421875
682,-82.30199976,37.4177875,52.88,"10/18/2015"," ",174,405,12.638,4.257,34.011,909.172180175781
683,-83.21404141,37.94815977,14.07,"4/4/2016"," ",77,313,2.235,0.707,5.688,149.336303710938
684,-82.63539993,38.01670772,53.1,"10/18/2015"," ",91,247,71.792,22.61,183.81,5922.4833984375
685,-83.06900196,38.38348479,26.08,"4/4/2016"," ",51,281,3.773,1.238,10.12,285.963531494141
686,-82.20596122,38.59033227,405.88,"10/18/2015"," ",58,231,2245.812,976.52,5669.585,138772.859375
687,-81.99629452,38.77565491,196.29,"10/18/2015"," ",48,223,516.717,264.739,1336.212,31545.318359375
688,-82.94112,39.12121212,105.47,"3/4/2021"," ",55,229,176.087,71.505,534.674,14822.9296875
689,-82.18843458,39.42789507,13.47,"3/7/2020"," ",44,247,19.986,7.133,63.865,297.729461669922
690,-82.91481292,39.88803211,23.58,"3/17/2018"," ",6,253,6.174,2.692,17.667,492.111968994141
691,-83.2298478,39.89594821,26.01,"3/17/2018"," ",3,290,5.528,2.479,17.304,389.257720947266
694,-84.30167352,36.0378972,15.05,"3/7/2017"," ",96,375,5.083,2.016,10.104,76.8338012695312
695,-83.06464191,36.16072894,12.92,"4/9/2017"," ",27,355,13.678,6.374,28.336,626.268493652344
697,-81.91228021,36.39083697,11.48,"10/14/2015"," ",114,859,6.262,3.284,14.446,282.152740478516
698,-83.30815316,36.47036365,65.77,"4/9/2017"," ",100,471,61.685,24.022,139.813,3643.19091796875
699,-82.38089569,36.66164137,57.03,"10/14/2015"," ",106,567,25.149,13.046,55.52,1326.08557128906
700,-83.22876965,36.90385702,22.79,"4/9/2017"," ",163,672,5.49,1.756,12.939,341.384460449219
701,-87.34336149,34.51848457,11.23,"2/18/2016"," ",12,202,3.795,0.983,8.37,84.8078079223633
702,-87.88759659,34.7808039,1208.37,"12/4/2015"," ",21,163,1889.328,922.824,3561.43,80960.8828125
703,-85.34865093,35.0943474,369.71,"10/11/2016"," ",73,436,1365.304,725.076,2606.041,56063.84375
704,-87.1443819,35.36248508,22.84,"10/31/2016"," ",40,287,3.877,1.02,7.961,152.806610107422
705,-85.1299395,35.63891896,14.24,"10/6/2020"," ",60,383,6.097,2.023,12.187,172.759201049805
708,-87.30896344,36.53610183,40.36,"4/1/2019"," ",18,165,36.129,11.666,70.054,2570.33349609375
710,-85.98628735,36.9813878,25.44,"4/12/2017"," ",20,218,4.646,1.579,9.064,233.688598632812
711,-85.28216487,37.08974267,27.44,"3/25/2014"," ",22,280,3.375,1.164,6.775,210.792266845703
712,-86.34504795,37.27470161,12.25,"4/12/2017"," ",33,189,4.398,1.431,8.822,268.494323730469
713,-84.2505267,37.23971791,34.45,"4/11/2016"," ",84,347,19.484,6.646,43.196,1357.06481933594
714,-85.17471044,37.49786249,28.95,"4/12/2017"," ",43,254,8.488,3.101,17.26,435.304809570312
715,-88.12371159,37.97655841,53.17,"10/22/2016"," ",6,117,90.631,40.482,205.004,0.013527042232454
716,-85.18687332,38.68657907,602.34,"9/20/2016"," ",33,162,3506.462,1481.486,8213.727,215341.109375
717,-86.58547739,38.80506095,89.17,"3/28/2016"," ",39,187,151.702,60.67,443.131,12157.2783203125
718,-87.77340779,38.84909665,25.79,"9/18/2020"," ",8,142,62.016,28.299,167.271,5499.60205078125
720,-86.86009017,39.170795,53.4,"6/5/2018"," ",34,203,101.575,41.078,329.12,7911.669921875
721,-87.70265151,39.4369512,7.24,"11/11/2016"," ",10,173,3.38,1.594,9.22,184.104385375977
722,-87.26018666,39.6315237,17.45,"9/22/2013"," ",15,195,9.724,4.583,28.436,740.953247070312
723,-87.81670854,39.91965228,8.5,"10/7/2016"," ",2,208,2.834,1.27,8.672,183.57014465332
724,-85.92630512,40.7751842,70.85,"4/11/2017"," ",9,229,54.185,25.329,163.888,4742.40478515625
725,-85.13293582,40.7262537,42.14,"4/13/2016"," ",3,253,17.512,7.938,53.469,1475.51904296875
726,-90.95428583,34.01990335,1644.88,"10/30/2016"," ",2,45,15774.902,8624.035,29286.756,2410295.5
727,-91.47238279,35.07393437,6.6,"11/17/2012"," ",5,58,802.988,228.747,1617.073,57562.75
728,-90.15751498,35.56747428,4.28,"10/28/2016"," ",0,68,4.333,1.38,7.6,0.495374292135239
729,-90.05598654,36.1153589,180.05,"7/29/2015","canals",1,75,79.56,27.84,146.871,4129.474609375
730,-89.93785601,36.96413882,23.46,"2/26/2014"," ",13,119,9.031,3.236,17.861,538.0712890625
732,-88.70255293,36.95377341,12.97,"7/29/2015"," ",10,134,7.601,2.615,13.901,426.519226074219
733,-89.12172686,36.57439313,9.95,"11/7/2013"," ",7,104,11.156,3.88,19.879,70.0571517944336
734,-89.37269988,35.26324348,20.46,"3/21/2016"," ",12,127,6.855,2.288,11.684,223.291107177734
735,-89.73908767,35.16601081,1.31,"3/14/2018"," ",12,108,2.728,0.917,4.665,0.084132343530655
737,-90.52225308,37.58732686,17.01,"4/1/2012"," ",57,341,1.951,0.694,4.598,150.251434326172
738,-90.4504058,36.11199193,7.7,"4/4/2013"," ",10,100,2.483,0.782,4.617,50.3220710754395
740,-89.34596583,35.25297873,14.52,"12/11/2012"," ",12,127,6.855,2.288,11.684,207.994476318359
741,-90.50603386,35.06078373,8.84,"10/14/2012"," ",0,59,13.519,4.161,23.976,470.646728515625
742,-90.8283449,37.42477891,40.43,"4/1/2012"," ",56,274,12.952,4.091,31.564,1157.17736816406
743,-90.4021174,37.69909098,52.54,"4/1/2012"," ",32,298,5.563,2.051,12.532,408.700622558594
745,-90.15243836,35.01070283,13.7,"11/14/2012"," ",8,84,5.283,1.674,9.203,197.0908203125
746,-90.88084337,35.94097169,16.64,"4/4/2013"," ",2,78,28.318,8.721,53.892,15.9251480102539
747,-91.18077938,36.57338867,63.64,"3/16/2011"," ",34,193,27.375,6.745,51.585,2099.703125
748,-91.11746133,36.07858399,91.06,"4/4/2013"," ",11,96,248.032,67.447,528.867,19072.7109375
749,-90.7589605,37.0039626,18.57,"5/13/2013"," ",35,220,2.961,0.925,6.544,109.916847229004
750,-91.29298363,36.78173173,52.66,"3/21/2016"," ",48,252,19.454,4.648,34.842,1433.23022460938
752,-89.03470114,35.09759306,8.98,"3/21/2016"," ",17,167,4.618,1.49,7.989,73.0834579467773
753,-89.87141938,35.62602766,1337.82,"8/14/2019"," ",12,73,15084.383,8475.38,27974.059,138.700653076172
754,-89.23515969,36.00020516,30.74,"3/9/2017"," ",9,94,46.085,17.375,80.171,1938.00122070312
755,-89.52452345,36.75386564,31.67,"9/6/2021"," ",1,91,11.266,4.083,20.418,456.995361328125
756,-90.67551036,35.31997311,52.11,"11/11/2020"," ",13,85,30.799,9.482,55.841,983.785095214844
757,-90.6702996,34.71496138,87.76,"11/11/2020"," ",16,78,399.327,132.029,736.279,21135.892578125
758,-91.37831667,35.22403959,172.14,"10/22/2019"," ",5,63,733.406,207.964,1479.078,52660.28515625
759,-91.45565479,35.58477049,12.52,"11/17/2012"," ",17,94,4.06,1.175,7.69,161.351135253906
761,-91.68680363,35.75406895,158.82,"11/15/2020"," ",39,149,400.848,113.941,775.949,28133.810546875
762,-91.42750894,34.7823275,192.59,"11/14/2020"," ",5,61,843.721,243.448,1691.197,60138.4296875
763,-92.293947,35.95272623,12.72,"5/4/2014"," ",56,289,1.771,0.441,3.421,79.8777313232422
764,-92.46343531,36.07562948,18.59,"5/4/2014"," ",75,286,4.616,1.152,8.895,343.270904541016
767,-92.02064414,35.91707621,141.46,"11/16/2012"," ",78,193,385.599,109.57,742.772,27086.73046875
769,-93.29357281,36.05461004,23.17,"4/24/2014"," ",114,502,5.5,1.597,10.674,357.209014892578
770,-93.71070927,36.13253139,27.61,"4/24/2014"," ",40,451,7.7,2.283,13.913,433.929229736328
771,-91.06609861,34.19127103,12.39,"1/6/2013"," ",1,45,5.486,1.705,9.903,323.290802001953
772,-90.50666534,35.36506178,3.74,"4/4/2013"," ",0,63,243.759,83.893,462.492,0.608446419239044
773,-90.00540438,36.32246315,20.23,"11/29/2013"," ",0,79,8.44,2.845,15.627,426.955017089844
774,-90.45316349,36.65716435,15.52,"2/26/2014"," ",11,109,8.189,2.632,17.001,455.079711914062
775,-90.64143525,37.00457845,33.91,"5/13/2013"," ",35,220,2.961,0.925,6.544,215.387268066406
776,-91.95639659,35.51694202,79.48,"11/16/2012"," ",39,184,38.562,9.47,72.702,2979.65454101562
777,-93.58223993,36.14439719,28.13,"4/24/2014"," ",45,449,5.518,1.61,10.164,326.527984619141
778,-93.00003904,36.24051556,19.04,"5/2/2014"," ",33,366,4.531,1.269,9.108,255.490951538086
779,-91.48976887,36.31493078,79.12,"7/11/2013"," ",42,172,31.311,7.504,58.231,2186.39453125
780,-92.85890007,36.79138504,13.54,"6/27/2012"," ",41,339,8.009,2.205,16.175,542.256469726562
782,-91.17513306,37.1354611,61.66,"10/21/2014"," ",63,268,41.476,11.867,96.448,3501.20385742188
783,-95.11486471,35.15883498,11.32,"1/17/2018"," ",22,183,8.073,2.722,11.772,664.089294433594
784,-96.53970727,35.4119472,58.92,"8/24/2021"," ",13,286,34.414,14.952,67.53,37440.78125
786,-97.88000574,35.5475049,25.47,"9/24/2020"," ",4,414,12.939,4.971,29.303,35048.87890625
788,-95.17634326,37.16922005,22.49,"3/29/2015"," ",4,266,6.058,2.678,9.92,566.96875
789,-95.22134142,37.53523353,44.92,"1/22/2015"," ",6,283,92.985,51.81,176.606,11835.2353515625
791,-97.05457359,38.41963279,7.75,"4/8/2014"," ",5,433,1.187,0.586,2.9,189.250991821289
792,-93.89705131,37.11500726,10.71,"1/25/2014"," ",12,378,8.186,2.712,14.38,558.85498046875
793,-94.26050472,35.97179805,11.98,"3/19/2014"," ",36,410,2.177,0.675,3.555,99.587760925293
794,-92.86398776,35.28656354,19.62,"11/12/2012"," ",14,111,8.202,2.163,14.785,722.326843261719
795,-94.66737956,37.13161704,69.02,"9/27/2011"," ",10,278,49.825,18.737,79.374,4653.54443359375
796,-94.30154691,35.53912521,23.46,"3/20/2016"," ",56,326,1.269,0.392,2.025,124.876602172852
798,-92.58202603,35.1037119,481.2,"9/30/2015"," ",16,102,1202.544,527.7,2014.343,400548.53125
799,-93.84944027,35.66002585,10.68,"10/13/2015"," ",79,340,8.508,2.424,14.751,703.235534667969
800,-91.19178996,33.95412654,273.67,"10/30/2016"," ",8,48,1316.605,591.809,2159.821,413332.125
801,-91.86773152,34.26121876,62.11,"6/6/2016"," ",1,63,8.02,2.269,14.241,0.014174235984683
802,-94.36312688,36.143382,31.48,"3/4/2016"," ",31,353,6.607,2.048,10.629,657.918884277344
803,-93.56097905,35.39393759,521.85,"10/13/2015"," ",13,125,1127.239,503.865,1898.71,391728.3125
804,-95.92181224,37.26904433,17.87,"1/22/2015"," ",12,265,14.249,6.535,24.114,1502.66284179688
805,-93.10182246,35.17224953,414.64,"1/29/2016"," ",7,101,1168.257,515.56,1968.472,395606.28125
806,-94.65111874,35.17233799,47.43,"3/20/2016"," ",15,150,47.486,15.774,74.201,4622.423828125
807,-96.54731739,38.37974414,37.79,"8/11/2014"," ",18,408,21.399,10.516,50.008,3532.57836914062
808,-95.18309092,35.47645979,23.06,"3/16/2014"," ",12,180,1.343,0.451,2.003,141.765579223633
809,-95.30337903,37.71886046,14.37,"1/23/2015"," ",8,302,2.811,1.327,4.699,205.98860168457
810,-95.64753254,35.9116065,306.87,"11/10/2020"," ",6,182,278.914,132.604,591.704,193645.421875
811,-95.99027056,37.07584054,13.17,"1/22/2015"," ",20,256,6.732,2.919,11.177,0.006844690535218
812,-95.26625011,34.92378264,13.56,"1/17/2018"," ",46,281,2.125,0.813,3.108,134.587753295898
813,-96.52911552,38.26597315,7.36,"10/12/2019"," ",21,416,4.419,2.292,8.688,449.917541503906
814,-97.62543642,38.26687324,7.4,"4/8/2014"," ",3,471,0.909,0.466,2.434,193.213821411133
815,-96.42649406,37.53791451,7.18,"2/28/2012"," ",21,402,1.415,0.716,2.486,79.6317138671875
816,-96.85865809,37.92584961,16.38,"2/28/2012"," ",7,430,1.292,0.708,2.651,95.5528945922852
817,-96.9597569,35.67981003,25.6,"10/10/2017"," ",15,281,7.933,3.503,12.363,1412.78283691406
818,-96.36458326,35.80341864,9.26,"3/1/2017"," ",16,262,2.71,1.067,4.23,317.519287109375
820,-96.86310343,34.92980975,71.24,"3/11/2018"," ",14,312,35.845,15.829,52.572,66995.234375
821,-95.9131076,35.12931031,25.04,"4/7/2021"," ",20,236,0.989,0.341,1.5,105.677543640137
822,-97.41504012,37.94441217,5.92,"4/4/2018"," ",2,442,1.299,0.703,3.278,250.329818725586
823,-99.35939208,36.01394697,33.1,"6/21/2017"," ",21,636,2.899,0,6.196,60500.125
826,-100.1340784,35.84611799,8.8,"6/29/2020"," ",13,721,1.88,0.401,4.179,58156.046875
827,-98.5662737,37.22459827,14.55,"7/6/2016"," ",14,472,5.372,2.476,18.181,2017.25476074219
828,-98.71939181,35.82139067,6.47,"9/5/2020"," ",15,522,3.197,0,5.479,62126.40625
830,-99.48141017,37.09265204,3.5,"3/28/2014"," ",6,562,0.788,0.222,3.946,331.925323486328
832,-100.9416804,36.68342863,11.94,"4/5/2016"," ",7,826,2.192,0.703,6.988,18561.392578125
834,-91.95798029,34.85903272,16.79,"3/1/2017"," ",4,76,3.866,1.104,6.93,221.783752441406
835,-94.50813976,35.00445397,11.8,"3/20/2016"," ",57,272,1.768,0.548,2.782,108.745819091797
836,-92.78432315,35.14258413,39.88,"1/29/2016"," ",11,106,13.079,3.484,23.558,1393.25463867188
839,-94.09643902,36.50038682,18.38,"3/4/2020"," ",29,425,2.353,0.746,4.052,154.961334228516
840,-94.71986588,37.01396752,103.87,"3/29/2015"," ",12,288,65.921,24.527,105.1,6331.94580078125
841,-104.6014902,38.39986018,15.08,"6/1/2018"," ",15,1550,1.621,0.507,4.508,2307.03271484375
842,-99.46096848,36.56663166,11.04,"4/14/2018"," ",7,618,7.798,2.619,20.481,30821.859375
845,-98.07115181,36.02841419,64.79,"3/9/2014"," ",5,353,10.734,4.53,31.034,34631.59375
846,-98.00159382,36.75424553,2.68,"4/18/2013"," ",1,347,1.368,0.674,3.021,522.853271484375
848,-103.528138,35.46446779,5.03,"11/15/2017"," ",15,1243,0.902,0.265,2.461,5204.98291015625
849,-103.0157542,35.40289706,17.77,"11/15/2017"," ",18,1126,7.604,3.782,11.898,32417.56640625
851,-104.8269966,38.04619611,10.36,"5/8/2012"," ",34,1718,0.197,0.062,0.564,397.704681396484
855,-103.6815828,38.61253151,6.76,"8/17/2019"," ",7,1485,0.129,0.028,0.603,529.61865234375
856,-105.8962423,38.48061325,36.76,"10/5/2019"," ",137,2586,3.336,0,16.705,3782.60083007812
857,-104.45009,36.23370779,10.06,"10/31/2015"," ",49,1767,3.052,1.467,9.137,8721.232421875
858,-102.8468369,38.06034393,6,"6/12/2017"," ",11,1195,0.052,0.011,0.244,499.017639160156
859,-104.0123394,37.18398293,3.11,"5/1/2014"," ",16,1704,0.132,0.034,0.417,388.746368408203
862,-95.61010995,34.86028795,23.71,"7/15/2015"," ",28,228,8.342,2.879,12.497,375.75341796875
863,-96.81807811,35.21402497,21.8,"3/1/2017"," ",14,291,9.769,4.709,14.008,1294.982421875
864,-96.09430113,35.67809599,31.38,"6/10/2014"," ",18,231,33.907,13.027,53.114,5141.11474609375
865,-96.35103277,35.95532421,11.06,"3/30/2019"," ",23,271,2.112,0.825,3.311,189.614395141602
866,-96.62193165,36.41242188,359.57,"3/30/2019"," ",16,272,206.791,103.683,464.291,145913.34375
867,-96.92280719,36.35480617,14.76,"3/30/2019"," ",12,295,5.27,2.599,8.438,1215.51000976562
868,-96.72328982,36.5103129,400.45,"3/30/2019"," ",15,274,196.714,98.959,448.646,143831.78125
870,-95.60833455,37.21046655,14.01,"8/23/2021"," ",9,270,2.179,0.958,3.609,227.886444091797
871,-95.87580417,37.6889742,22.85,"11/5/2014"," ",15,302,16.8,9.058,29.321,1974.80578613281
872,-96.75284814,37.94979084,18.39,"10/12/2019"," ",7,434,1.814,0.972,3.637,154.197250366211
874,-104.2998228,35.60646615,24.59,"10/9/2017"," ",62,1503,2.311,0.338,7.867,15575.0517578125
875,-103.6492263,35.82562722,4.4,"10/31/2015"," ",19,1402,0.363,0.105,0.907,2483.11645507812
876,-104.5416474,36.50719145,2.12,"5/27/2012"," ",18,1858,0.887,0.288,2.379,2437.11181640625
877,-103.3081248,36.96619135,1.97,"6/22/2015"," ",64,1531,0.229,0.061,0.638,2244.01489257812
880,-103.0002734,37.51789648,1.29,"3/19/2016"," ",19,1499,0,0,0.078,615.767395019531
882,-103.1842378,38.05644785,18.18,"3/19/2016"," ",7,1215,3.015,0.691,9.044,8995.3759765625
885,-103.6990099,38.4742109,10.98,"9/17/2014"," ",7,1424,0.26,0.055,1.159,1450.93200683594
886,-97.96202291,36.19464584,10.24,"4/18/2013"," ",6,362,2.905,1.364,5.644,823.908203125
887,-98.52158626,36.59338483,7.61,"3/9/2014"," ",1,418,1.915,0.869,4.871,784.703186035156
888,-97.57670843,36.68292209,20.98,"4/18/2013"," ",2,321,4.137,2.018,8.446,311.445159912109
890,-98.06282485,37.12588962,6.42,"11/30/2013"," ",5,418,2.549,1.288,6.445,392.536437988281
891,-97.86803179,37.34377635,20.26,"11/22/2012"," ",4,425,5.953,3.056,16.192,1274.25451660156
892,-97.69087463,37.55797932,65.42,"2/10/2013"," ",4,415,17.166,9.544,48.88,5055.50927734375
893,-97.90720706,37.83173667,19.15,"6/7/2011"," ",4,463,7.686,4.341,22.8,2543.31860351562
896,-98.44808362,38.49667336,6.08,"6/28/2019"," ",2,545,2.616,1.12,10.087,40.6679267883301
897,-92.414617,31.54152744,11.73,"3/21/2019"," ",13,60,3.717,1.241,6.931,127.458106994629
899,-95.01060009,33.39234098,24.79,"3/17/2019"," ",6,110,51.569,12.077,93.48,3746.01611328125
902,-91.38365352,32.72019127,13.18,"8/26/2015"," ",2,31,32.528,9.901,57.589,85.2056198120117
905,-92.49296051,34.14155499,17.18,"10/31/2020"," ",10,74,42.383,10.283,72.574,0.014194049872458
906,-91.39495975,32.12305739,34.51,"11/24/2012"," ",3,26,38.682,12.082,67.651,1757.55004882812
907,-92.11187283,33.82953062,46,"12/1/2015"," ",9,66,70.024,17.425,120.861,4736.57275390625
908,-91.86493435,31.2095625,12.06,"11/15/2012"," ",5,20,6.499,2.54,11.481,4.72754764556885
909,-91.36454154,33.11103446,62.85,"11/12/2012"," ",4,38,32.58,9.736,58.18,1818.44555664062
910,-91.70483845,32.66900532,107.75,"11/15/2012"," ",2,32,7.197,2.208,13.437,0.036082930862904
913,-92.94557106,33.96336783,63.91,"1/17/2015"," ",9,77,103.983,21.558,188.287,6664.830078125
915,-93.34934654,32.66343048,37,"1/3/2020"," ",11,72,37.495,10.66,72.257,2702.1787109375
917,-94.69257313,34.54880771,27.84,"1/23/2015"," ",70,403,2.903,0.929,4.837,108.51537322998
919,-91.89930316,32.14379462,67.04,"12/10/2018"," ",2,22,37.15,11.464,67.895,1846.35791015625
921,-91.9229068,31.32795129,19.56,"11/30/2019"," ",4,18,12.785,4.737,22.94,24.6578807830811
923,-94.26171247,32.75086984,54.38,"11/10/2011"," ",12,74,65.957,19.996,118.814,3506.92163085938
924,-92.8686276,31.49191289,12.1,"3/21/2019"," ",11,47,24.595,7.666,47.935,0.489695310592651
925,-93.14432819,31.49199863,22.64,"3/24/2016"," ",17,78,5.405,1.567,10.916,362.771026611328
927,-93.99015433,33.82192808,26.94,"11/2/2020"," ",10,102,15.43,4.476,27.828,948.633056640625
928,-94.4713745,33.56496365,11.58,"1/6/2020"," ",6,114,3.343,1.104,5.741,216.463180541992
929,-94.91994304,34.05418045,49.43,"1/23/2015"," ",27,168,11.756,3.417,21.152,865.481750488281
930,-92.6852384,31.41484389,344.15,"3/21/2019"," ",9,39,1037.684,337.939,1610.594,172773.03125
931,-93.11189411,31.83183433,89.51,"4/11/2013"," ",6,42,36.153,10.68,72.491,2771.64306640625
932,-92.67364136,31.50464191,30,"3/21/2019"," ",11,52,13.54,4.355,25.831,691.265014648438
934,-95.36330048,34.56653737,49.95,"1/19/2020"," ",69,296,20.373,9.238,28.916,1887.62097167969
935,-100.7137032,33.85305781,4.12,"4/2/2016"," ",13,741,0.21,0.072,0.436,1174.82202148438
936,-94.49044612,32.63519761,23.38,"9/8/2021"," ",21,100,17.751,5.008,33.471,1578.56799316406
938,-100.2365725,34.27547286,4.04,"12/1/2013"," ",16,529,1.257,0.575,3.137,4131.17578125
939,-99.97200098,34.56758319,6.96,"10/31/2012"," ",9,519,0.923,0,3.571,18726.009765625
940,-97.08850848,33.85290412,42.92,"3/1/2012"," ",14,237,117.136,45.255,160.23,79688.2578125
943,-96.11554228,33.94385096,18.86,"4/18/2012"," ",9,184,12.377,4.344,17.983,1457.57983398438
944,-98.97103752,34.20232961,16.23,"1/5/2013"," ",3,354,27.973,12.613,43.977,0.007091999519616
946,-99.18924537,34.88064132,4.66,"3/4/2012"," ",9,476,0.279,0.128,0.433,158.993743896484
948,-98.36951989,34.5752922,14.23,"10/17/2015"," ",8,358,2.878,1.149,4.273,1254.86901855469
949,-92.00445585,31.5432621,42.92,"12/10/2018"," ",3,18,2.499,0.859,4.566,0.007304880302399
950,-92.00733062,32.14602026,51.17,"5/6/2021"," ",2,20,80.03,24.474,145.011,4781.04052734375
951,-91.96967171,32.75311013,40.69,"5/6/2021"," ",5,35,76.679,21.042,153.394,4094.8740234375
952,-91.29845879,33.35829945,15.68,"5/6/2016"," ",1,38,17.987,5.451,32.15,0.007161218672991
953,-91.48018975,33.41923042,26.6,"11/14/2019"," ",2,43,28.52,7.034,55.607,1408.14892578125
954,-91.73696099,33.97742271,69.63,"11/12/2012"," ",7,69,10.35,2.733,18.976,537.959655761719
955,-92.5310649,34.18958664,20.29,"10/16/2011"," ",13,91,36.414,8.749,62.371,2434.025390625
956,-93.64841047,32.30552749,15,"10/18/2012"," ",8,60,9.979,3.003,19.536,688.3271484375
957,-93.89017125,32.66078447,42,"10/18/2012"," ",9,66,103.763,31.619,175.818,8100.77001953125
958,-93.8654396,33.11492015,54.55,"10/13/2011"," ",12,82,138.18,38.782,249.089,9763.931640625
959,-93.44008164,33.26202566,20.39,"1/20/2014"," ",11,87,7.54,2.031,13.893,520.6669921875
960,-94.29985564,33.60501336,7.67,"6/28/2013"," ",5,103,4.977,1.612,8.556,302.769958496094
961,-94.83241925,33.94682147,30.98,"11/13/2012"," ",12,132,36.6,12.529,61.875,2972.68530273438
962,-93.71669496,34.09843957,19.44,"11/11/2012"," ",34,184,12.11,2.404,25.598,647.312622070312
963,-95.09493349,33.32408038,35.75,"3/17/2019"," ",5,110,20.086,5.444,37.06,1391.84130859375
964,-99.69061364,33.8271645,14,"3/25/2015"," ",8,433,2.019,0.736,5.165,2611.0537109375
966,-95.78059471,33.85233461,228.99,"3/6/2017"," ",6,160,245.476,98.417,354.097,107913.0703125
967,-98.34998725,34.03410378,18.41,"4/9/2021"," ",6,288,10.868,5.188,19.273,8826.7666015625
968,-99.57934532,34.07460333,8.11,"8/9/2019"," ",4,423,3.217,1.349,8.357,9086.3603515625
969,-95.90232841,34.21560061,3.98,"7/15/2015"," ",12,170,28.117,9.454,43.038,0.028363522142172
970,-100.9780446,34.28005848,10.28,"2/7/2016"," ",12,762,0.116,0.067,0.171,2015.70629882812
971,-97.27594959,34.78869198,70.97,"4/13/2019"," ",9,302,25.651,11.713,39.579,13610.0341796875
972,-99.21293324,34.54000226,11.88,"10/11/2017"," ",2,410,0.511,0.233,0.833,56.7277755737305
973,-100.6220084,34.56144151,3.35,"12/1/2013"," ",7,584,1.378,0.084,3.437,16226.3896484375
974,-98.02449425,34.87223017,5.83,"10/30/2012"," ",19,391,1.413,0.597,2.138,330.536102294922
977,-98.09518034,35.08837125,20.19,"10/17/2015"," ",10,364,11.71,5.3,19.034,10511.9111328125
978,-89.88206565,34.80241844,57.23,"8/24/2015"," ",12,92,37.466,12.458,64.248,1199.63195800781
979,-89.93918033,34.61224158,17.62,"2/4/2016"," ",10,105,5.522,1.752,9.629,199.417846679688
980,-89.26774178,34.50522671,5.81,"2/4/2018"," ",17,112,46.728,15.405,83.658,1640.64868164062
981,-89.09852332,34.38376093,17.71,"2/4/2018"," ",6,109,9.316,2.903,17.188,323.033477783203
982,-89.97896052,34.17654133,41.88,"11/10/2017"," ",14,87,44.825,13.748,77.753,1627.45202636719
983,-90.349358,34.07064172,20.33,"11/10/2017"," ",1,46,18.839,5.918,33.552,96.294075012207
984,-90.60110404,33.5167024,28.95,"10/30/2016"," ",1,34,58.097,18.242,104.269,17.2243041992188
985,-90.16804473,33.88577536,26.26,"12/8/2016"," ",1,41,2.908,0.866,5.199,0.007118165958673
987,-91.14564854,32.62195005,1534,"8/26/2015"," ",5,30,18121.658,9565.567,32995.328,2898153.25
988,-90.08874582,33.65864015,7.53,"11/10/2017"," ",16,88,5.54,1.591,10.016,170.623474121094
989,-90.15900444,33.57193546,33.46,"11/10/2017"," ",3,39,141.382,41.831,255.913,170.700836181641
990,-89.38708071,33.47324523,11.27,"3/21/2016"," ",18,139,3.095,0.846,6.069,133.952835083008
991,-90.65611149,33.40750249,69.87,"5/6/2016"," ",1,35,95.706,30.133,171.428,3645.86108398438
992,-89.52858161,33.34907752,7.67,"2/1/2021"," ",16,131,4.809,1.219,9.927,156.961898803711
993,-90.11678181,33.19984043,11.75,"11/22/2015"," ",15,84,6.561,1.835,12.267,188.389953613281
994,-90.55524967,32.90553294,52.07,"11/15/2019"," ",2,32,3.534,1.042,6.292,213.920104980469
996,-90.03420301,32.75930355,41.38,"11/22/2015"," ",10,78,88.819,21.923,180.923,4209.3798828125
997,-90.12254482,32.70016228,36.51,"11/17/2020"," ",10,78,99.898,24.723,202.936,4819.1181640625
998,-90.95089648,32.48259521,81.3,"11/15/2019"," ",4,34,31.318,9.652,55.709,1787.40649414062
999,-91.09452031,32.22310337,99.16,"8/26/2015"," ",8,32,4.658,1.472,8.321,54.057487487793
1000,-90.75960761,32.01972929,32.48,"11/28/2013"," ",16,72,31.42,10.256,57.555,1545.78186035156
1001,-91.12492136,31.7961152,12.7,"1/27/2015"," ",18,75,7.574,2.621,13.717,274.0947265625
1002,-91.49279954,31.3558978,767.03,"12/7/2014"," ",9,27,19306.422,10088.85,35057.242,2947393.5
1004,-91.4992044,30.7337271,1102.02,"11/15/2012"," ",6,14,21484.791,10874.75,38097.453,2952430
1005,-90.25326871,29.9703717,726.57,"10/5/2012"," ",2,4,21803.078,11412.624,38048.32,NA
1006,-107.3121421,48.99166667,10.93,"7/3/2014"," ",38,813,0.306,0,0.542,5277.3828125
1012,-109.5449314,49.18083333,8.74,"9/27/2014"," ",8,924,1.098,0.597,2.881,2093.07250976562
1013,-112.4240008,49.08083333,9.6,"8/8/2012"," ",16,1183,1.724,1.316,2.299,1172.6171875
1017,-110.7498558,49.0873558,11.54,"9/9/2020"," ",42,945,1.148,0.271,2.138,6455.2705078125
1019,-108.2075,49.41725053,11.54,"9/20/2013"," ",22,924,0.468,0,0.637,2754.58129882812
